id,V2,V4,V7,V17,V22,V24,V25,V27,Amount,Class
106066,-1.0755479969381228,-0.0171856726361409,0.4421990443062515,0.2134077236391732,0.513924217025223,0.9703680672710708,0.2483778359545677,-0.2585312595592824,11177.47,0
102005,-0.2251032620987905,-0.6589314511717268,0.7338245031385643,0.2224748549100187,0.1937846382259762,0.7637369778217821,-0.0133756158033601,-0.2675232567957853,7881.18,0
278450,-0.17033128331191,-1.149701778919966,0.4336238755074182,0.2320382049380639,-0.4815597475339127,-0.6298104471914823,-0.7066112902196171,-0.0280326681260467,3255.41,0
120218,-0.4373675501382572,-0.4806802929566002,0.4004372627541037,0.3256405466557742,-0.2832554431456243,-1.2505551529750685,0.5624628788777276,-0.2716040903286755,16052.42,0
258527,-0.1106356876069329,-0.2447701023016252,0.4379231252712079,0.5991945194957934,-1.2076847299366589,1.238108638308011,0.4614719794904377,0.0113443582831078,18197.45,0
179643,-0.7677915183650915,-2.27982341777239,0.8050777966245634,0.4388065344218014,0.8944632243703415,1.5824028082583972,-0.2955700046480444,-0.1989049327741577,16837.46,0
164566,-0.8259713527035809,-2.7358291048196945,0.4098358046350711,0.3429678343324818,-0.2206720629575708,-1.9547425697356409,1.1389324033230976,-0.262148269071366,14367.29,0
66593,-0.8968708549727135,-1.4273405592160542,0.1306024928330883,0.534548522823054,-0.7952775063103293,-0.2980059036475315,0.1837188101664455,-0.2043976342219551,7052.81,0
116962,-0.7456913509073173,-0.9722945046231556,0.4750415715863992,0.3235690495243955,-1.5807631140231928,0.0847098111797225,-0.1133900864946434,-0.3546950052026428,18141.06,0
237239,-0.1394489451075089,-0.0890181488379765,0.6375426831655493,1.0843884350936597,-0.2386585659769977,2.342886875737704,-2.4476910758916954,-0.0625162133639003,14000.97,0
271108,-1.1338476136179627,-1.252751312586729,-0.0119456527227588,0.2915463950082017,0.135076727708566,0.1974815070787289,-1.3914155117652436,-0.2605726306709496,21186.4,0
112540,-0.8286685533864938,-0.5609661449017903,0.2116240023560225,0.4858444847565739,-0.4303302120066811,-0.420857603616064,-0.1209271958032567,-0.3038295019238077,757.65,0
6964,-1.163286213827355,-0.7023310749287731,0.1518303348865889,0.7904032562285463,-0.1814680782085161,0.2987546029785184,0.6833998067600484,-0.5644631534363606,10838.31,0
105326,-1.1209943653681136,0.0266826762593955,0.434643434153696,0.3493544397105428,0.0779080006477878,0.7993271371802221,0.3563606843212603,-0.2815989265540958,18082.1,0
6566,-0.1173805512892805,-0.8611871059554813,0.5394020496843792,0.4099114672853305,-0.1189440628889618,-0.1872881348438021,-0.2238850754754957,-0.3053101546502992,10764.69,0
252519,-0.2435743305640225,0.6014133257504349,0.6580444577118634,0.256722867315402,-0.1340639522426284,0.951039937623378,0.3592896646921061,-0.318688763864116,8677.94,0
94488,-0.3771476859269177,-0.7542603209494216,0.5434701454476933,0.4698104558291671,-0.2831751064674945,-0.6825782818638636,-0.7319081564901313,-0.2146153957183985,11868.7,0
274632,-0.438399328248621,-0.4669430055173214,0.4327044376673281,0.5703253279900833,-0.8282734774746128,1.363967864849309,-0.651592384779163,-0.3218347388881429,14142.2,0
236554,-0.5731200177188467,-1.0114931601420525,0.2824669942003358,0.3282301254490399,-0.7708937335011521,1.509128649582164,-0.5070032336425777,-0.2966838140330113,12180.68,0
216974,-0.272849517518981,0.8194808614294903,4.046671751226194,0.4317846696482979,0.3379550637389886,0.4632978771489258,-0.4653498782986432,0.657352427957094,9503.84,0
118124,-0.3656558723667168,-0.3472653500738815,0.417934254214071,0.553833423872128,-0.7298308724682115,0.0580845566089512,0.102147384704013,-0.2521435692619934,5968.38,0
155266,-0.2248668970346706,-1.395944676280258,0.6299726178157262,0.465545444578471,0.9844234768922682,1.4639796637645897,-1.3405150687019072,0.1759138968007361,16453.25,0
92549,-0.4915867391622697,-0.3515649757179205,0.4201903239512649,0.4251705200757424,-0.7430654728047065,0.0885893435484607,0.0192946378067279,-0.2789172878889941,6274.38,0
30216,-0.3775888655105555,-0.3457590316941922,0.4027305663842537,0.5671563718585234,-0.771111079918275,0.0254433700461422,0.0692777362291953,-0.2561686717423671,2643.54,0
229,-0.5260227231540171,-1.1668979352007505,0.5186467133140765,0.4147322463990006,-0.1323811870036038,0.5217667373830903,-0.5875618345316386,-0.4213872121348988,19528.8,0
207685,-0.220758721407719,-0.2322792144058478,0.6253607355722273,0.3706666730622994,0.9776491600150397,-0.0206953857660394,-0.17374264123685,0.1029679484882764,19499.82,0
38196,-0.1354933818982649,-0.2931134907241245,0.5834536958899297,0.3911244870843352,0.5410388792169264,-0.5021228280666692,-0.3356505673157332,-0.2953547922959577,7726.82,0
75750,-0.7767272748326047,-1.4922680620314257,0.3650999039910571,0.4814064197721101,0.4991904297944635,0.7162729426384618,0.872368976252826,-0.3194096513244038,2883.91,0
152791,0.22192744213095,-1.485848107847399,0.0290955429461512,1.1067068808158087,-2.031745548192357,0.96725043004225,-0.526556281300478,0.2272065556500877,13930.51,0
189899,-1.0568944855011777,-1.7437478301761131,-0.0025969876540977,0.7410013051030693,0.3977804210584491,-2.5589532670743904,-0.7813173505772627,-0.1535473994392683,21428.09,0
166894,-1.0875644729878693,-0.2831649386119585,0.2090728986621261,0.2653903472704846,-0.0393684532455793,-0.0078513284144139,-1.2922947738046509,-0.3082421065322145,1922.35,0
233236,-0.0161502165953628,-0.2855557870198605,0.796233504541166,0.4055348059143905,0.5706269582818597,-0.809697069790905,0.0684278743660506,0.1371656969091186,892.51,0
98317,-0.1417662786813796,-0.8158978777010785,0.7579046555554928,0.3568595718859235,-0.6142435695356498,0.727556301216769,-0.3174658355258593,-0.1899193141891223,22352.47,0
199146,-0.0347428258042058,-1.0443492131251295,0.8416791963365331,0.2112501838780469,1.0720431305111038,0.1764592321291831,-0.9620430858001064,0.6907027107148368,1135.29,0
248605,-0.122315087587686,-0.7170205267427117,1.7144987014143762,0.4402355568695397,1.5768054141468473,0.2940976294656191,-1.7447434586814885,0.1138572371724081,22086.62,0
7282,-0.1155062263371496,-0.8435464254045325,0.348381877589811,0.7193118743904848,0.3050258169714568,0.5067675574791787,-0.6149731931336838,-0.3199558105920668,21660.81,0
130425,-0.2697179666948973,-0.171432233442859,0.688093362448733,0.614410657172963,0.4554250790316915,-0.496939747823485,-0.6140425171839081,-0.756966681474968,382.04,0
92047,-0.7473611901290036,-0.947019884720012,1.5660957888668965,0.195738338351074,-1.507634254931682,-0.3367363954922642,-0.3114923122122793,-0.306545399062027,18627.76,0
232031,-1.3834195443401978,0.0097665073293291,-0.0829915612422661,0.3920703640040779,-0.5119813629454733,0.9253131283377852,0.5257769266461279,0.1257351435563268,18130.88,0
238595,-0.2583705406318604,-1.312023192971067,0.5046913588510837,1.081985871060565,0.1201817326899332,-0.4404755253782779,-0.8883464055717478,-0.3341655893631235,18172.84,0
154999,-0.4362567808544159,-1.0654157156986248,1.5669272022402074,0.264144790449043,1.0112605610104912,-1.2542001477640907,-1.5392144670975552,-0.2774142053645372,970.97,0
206129,-0.4228617221815083,-0.9582899521830992,0.7449632305691205,0.2513403033393004,-0.4352054463184223,0.1355066380654331,-1.1439220991255783,-0.3443118588710258,8518.78,0
135193,-0.3504018851345269,-0.1516873002347109,0.4719358119554973,0.4086174982318327,-0.1540026265963909,-1.2203219980694868,1.290909634937883,-0.1836991322040556,12601.34,0
15213,-1.2074269492367224,-1.2678056436564649,-0.0272151978626436,0.5106478311716653,0.6958474020135353,0.833148092208409,0.8805101668770464,0.0371652080838888,18747.9,0
258846,-0.1821124959571422,-0.9301431378392104,0.8228118551864423,0.3386076785266957,-0.5532252478674178,-0.01956851400611,-0.8971016111937956,0.0588404002065326,22091.78,0
236903,-0.5169225174223007,-1.006568117761327,0.452006660991874,0.386923374685258,0.3038135537423386,1.7077324771998188,0.602146530926408,-0.3430306901305159,13553.22,0
229323,-0.2273732270491158,0.7842671434412486,0.7235529894263132,1.1414853617021428,-1.070152951365064,-0.4370572787262319,-0.4817119446575965,-0.2737541480364213,23153.91,0
32840,-0.549008615393357,-0.3358539059885039,0.1939614919235689,0.2941923830346484,-0.1330431220280894,0.0505881272716035,0.3023216807577123,-0.2310723375756908,17288.51,0
75342,0.2126416833361042,-0.8558594328326016,0.5376218820720143,0.2745811603474107,-0.7679183499821505,1.015046368924133,0.0587886305183212,0.9820950756978288,2322.24,0
22602,-0.5308767047158927,-0.7700994039612614,0.2135885679539888,0.3175460305024306,-0.3250331914985762,2.3735342222350924,1.1738153052981517,-0.2525412327489506,9492.37,0
164451,-0.1863836484535643,-0.921858330508247,0.6954181349745647,0.2738714326157251,-0.6081539828305823,-0.661914266433898,-1.6818330919098838,-0.1819903662004751,20669.01,0
236348,-0.7407373534777789,-1.0516788076937016,0.3013573859788124,0.2041552350104717,0.5612869884816556,-0.9151361529072078,-0.4612437398996234,-0.2913594613301725,9178.59,0
224277,-0.3098265421257505,-0.7598891583057963,0.5235872279438056,0.2679948901988928,0.696251676322567,0.015916479189243,-1.852548405405452,-0.2303509466576326,22493.11,0
103825,-0.4123267986631977,-0.6028653103497079,0.417170922099623,0.294605310729313,-1.1226885941500249,-1.7431279623978282,0.6867655932660744,0.8850687426023315,8806.73,0
214364,0.1738784860252188,-0.3175461896684791,0.7278492120697209,0.8835534754769458,-0.0673745454303873,-0.7609058839869489,2.1291604865727254,-0.5718952557861259,20593.49,0
195360,-0.4018252505540158,0.0449820883455341,-0.1858415952606017,0.7134346805115113,0.7982898290732969,0.1417628235277325,-1.1276599003962604,-0.4782347139943586,424.35,0
284321,-0.7971789750578571,-0.3675011386449839,0.0692277081037393,0.3082800075549097,0.0390744135238234,0.619817921160376,-0.8148338468314061,-0.2268297430217337,18680.3,0
170758,-0.017271806232335,0.4677212153652234,0.442730815879773,0.2116227448076197,-0.3414707692146087,-0.3438713928387247,-1.835881372753433,-0.2300327191913916,20152.03,0
282723,-0.0912635830445069,-0.4906320917840177,1.0242042989834124,0.3005667453783108,0.4909316613657621,-0.667077129686555,0.3173536669744251,-0.4146170631860398,23448.32,0
134827,0.1920295093170508,-0.6431796980114938,-0.4036738895542048,0.5549921415493303,0.9614045979268588,0.9278676180108084,0.0682107044669997,0.180572368568278,9581.43,0
186534,-1.214645354900235,-0.4809094027168222,0.2223165646287913,0.3791266899835735,0.466764404267004,-1.2009539624526495,-1.213104409820952,-0.2091218146851334,19981.04,0
278645,0.1213486103899725,-1.144074942543894,1.0914945310635555,0.6734434284137805,0.1815971734501796,0.9562388887204571,0.8573997570615266,-1.4159941281826829,23142.16,0
164861,-0.5425570546895341,-0.563705988510655,0.3081411104823118,0.2571654378164713,-0.3372352241364161,-0.1507829412551136,-0.7785477024623106,-0.2180833303437362,159.3,0
217219,-1.5219281654861228,-2.03196994012135,0.8871872857533251,0.3655555373075301,-0.6808646076014944,1.0086823079969287,2.615091086017596,-0.1679642939198435,5122.22,0
71016,-0.3648441916339909,-1.405452379696517,0.046201319461125,0.7364950521640762,0.079081930322846,0.2243963260550908,2.2755953576645886,-0.2226956972122155,6208.8,0
37947,-0.6758768677001429,-0.6704138759304918,0.4947313539380036,0.7651493128545187,0.2829675398005485,-1.5545432682854976,0.1100407987643764,-0.3307966277362268,9699.37,0
239330,-0.8233947643828458,-1.7151762547594267,0.3922329081873876,0.3057750861784374,1.0824595401136774,-0.5844697955729677,0.1232655865406914,-0.3080718187804002,12050.1,0
84984,-0.6199534308090078,-1.0579914716803127,0.3349018942432804,0.6290240138774301,0.5245426219095807,0.1029902724483359,0.994722828453016,-0.2670827964738607,3894.9,0
180577,-1.086567107139735,-1.0643957154339374,0.1545214309383302,0.397803698652214,0.8368993192160079,-0.7627884163034845,-0.4747241943603613,-0.2731370160302472,9685.54,0
193144,-0.1333646551658717,-0.9253967415467734,0.6711159242161824,0.5639494264491258,-0.8449555543886347,-0.0960605242281332,-0.5717070045504244,-0.1278539182056529,15698.08,0
7230,-0.4171485648315828,-0.5057377652662963,0.5239476115152542,0.5905055908010041,-1.10926130237468,1.0326090083452517,0.0626300603173298,-0.4057431665866899,15616.74,0
214799,-1.4792690284179668,-1.4000558863108774,-0.2334293618999033,0.594497232819724,0.3433001602922165,-0.6154190428352697,-0.5900260091040211,-0.1442074603876408,9157.96,0
122312,-0.659348818522516,-2.0879957748400053,0.484235699578593,0.4937083622842227,-0.5187319929496308,0.6855224608041376,-0.8054309782466659,-0.2911223456400156,16746.11,0
177969,-0.484092983705959,-0.6754283612134553,0.9934317423112842,0.4269677745726328,-0.536738938156965,-0.0062647298743802,1.4002696490652482,-0.010116956095884,17388.84,0
279082,-0.1916457002096036,-0.1423300031302871,0.4738749826261918,0.937783014131942,1.0647432283561895,-0.5696484518336596,-0.2322876086370638,-0.1112595059313308,7642.76,0
89776,-0.5092449462093178,-1.2266853984766577,0.2486094493174891,0.2069499831544095,-0.5769423987257474,2.3661566034715764,0.5879237870880525,-0.3264594831433765,2339.93,0
240964,-0.348538174135198,-2.0497940035473707,0.7001655232010422,0.4023088849132564,1.7681298896458804,2.622681672659502,-1.1948724713876642,0.3357372315105383,2124.61,0
2684,-0.1712011353614631,-1.367187338281291,0.367829359058853,0.166767371209571,-0.4883959704413229,2.227090104733114,0.4876165124334884,0.2404685468931553,15234.9,0
206289,0.0211984943213442,-0.2277695730275012,1.423659972814581,0.2585295840831837,-0.203346637954367,0.8996120916783936,1.5042097752154304,-0.5228067749015661,16435.94,0
272976,-0.649176149016155,-1.709051160098402,0.9603472891448228,0.3942637683028701,-0.3614175736622902,-0.7798762737364527,-1.2686441661081511,-0.3538359354923896,3061.14,0
270173,-0.624332296969422,-0.4241393111909772,0.5530355711164666,0.8305982621818297,-0.6458491658044123,-1.480217557027501,-0.1623842770915937,-0.2801110900383441,3123.68,0
248602,-0.5003986710982328,-0.5321310114623305,0.4481445713522141,0.2623052885355659,-0.6287845500527591,-0.8056853219173258,-0.5673317320435057,-0.3221147299376785,10893.23,0
204826,-1.2878028132445931,-0.9203613711219468,0.3993211230445454,0.4788841009168852,-0.6220844483393053,1.1894733515814873,2.1832727300991284,-0.5782869781493788,12167.61,0
282408,-2.2073933999406896,-0.4217221828940096,1.5412511645640945,0.1589713405418983,0.411467405437819,0.736006126974495,0.4050571119897652,-0.6734687370086581,10537.41,0
190772,-0.8842494739195464,-1.0982885310039214,0.4487181769789076,0.3682199036788047,0.5963188140216649,0.5592226131777835,-0.6197021856056947,0.1316577066655993,16824.32,0
282561,-0.1671977584467586,-0.9339550633041231,0.8522575373838769,0.3272114577344566,-0.5046212880782672,0.0154116156234683,-0.8596345891766431,0.0633853887605369,9221.42,0
28598,-0.6602064053177731,-1.1482198443546774,0.2614735778408922,0.4687794654852802,0.5508007260570512,-1.0544201267031703,0.9303333461543586,-0.2372977251404205,6495.93,0
268441,0.0064923277601404,-1.0602692839024563,0.189839212287938,0.968022150577719,-0.7186824545035759,1.3556583198514631,-1.3031209661888077,-0.9679067742220446,13083.91,0
105973,0.0706694036436927,-0.3056940785119192,0.3670124804808876,0.5519585618298745,0.5325658180038575,0.4251513305751698,-0.519334033106675,0.0985848133735578,19392.42,0
206014,-0.2152782018710884,0.8604732162868508,0.9875134334304014,0.6792348863528824,0.4743346039784948,-0.1283695689274509,0.8358614026793206,-0.3869630642577996,9342.41,0
166655,-0.4348198019707974,-0.4938765869591573,1.9097009122250943,0.4518095506313977,-0.2433867462701193,0.0250226071058946,-1.1406421944603269,-0.4991960301087156,2256.63,0
186748,-0.892127951539075,-0.436381224486269,0.2289974048414607,0.5161754726215875,0.7322931908994806,-0.5571307562195607,-1.0179586570679402,-0.2477615093262326,6712.96,0
205487,-0.7575480570322296,-2.3190020343241637,0.3900316461852798,0.4070336204466815,0.87686002420259,1.4784258927730891,-3.319764597064162,0.0302820568224246,9264.6,0
178103,0.7935319224728105,-2.2986725942632216,-0.2106656038942276,0.4887971818087121,-0.7617446765590741,1.3045828044489651,0.5194543804640254,-1.53234703886709,17468.41,0
244801,-0.8445859399872847,-1.729670640970242,0.26449954093823,0.6222699810849868,0.5274911591369636,1.6612730586179894,0.5452359987184802,-0.2929332556478101,4446.38,0
226738,-0.4864081242110357,-0.5411371860607759,0.4643921247012101,0.2081127623815173,0.7901054532152317,-0.5474665032896193,0.3298221952617491,-0.2713535225253468,6169.33,0
47574,-0.3187710869082283,-0.6869894559561551,0.6045263957858011,0.4038169056373206,0.0613171009699094,0.8963124472001054,0.0191461223844914,-0.177478287873733,10480.45,0
116803,-0.3148996875007931,-1.4604371053777936,0.5966631729839381,0.2016605947502935,-0.1608221654740844,-0.4854917532799472,-0.6589585959346933,-0.2169443970336426,14483.46,0
177835,-0.4015349748000189,-0.399836480485982,0.4973367165486078,0.6192862525908744,0.5926719445046724,-0.2926348614484843,0.2618989428380603,-0.2449980141741356,11314.59,0
148825,-0.737940834840274,-1.0031429694145682,0.1759875653398722,0.8752117484317924,0.1843995457224088,1.108755417769136,-0.267256487171898,-0.2997495132433782,14200.04,0
24837,-0.3292863737410532,0.1857374829332811,0.4682508262427724,0.7107449248084903,0.137496981508307,-2.185036559827825,0.5620510661773004,-0.2199476716074846,16185.36,0
137741,-0.5546478570378572,-1.4334161574754,0.2688946814647348,0.5131450236841181,-0.8050862542043219,-0.7230873614102882,0.5359586506748854,0.15171737876812,21462.47,0
119567,-1.4864880351027463,0.7239507849882234,2.766448702985956,0.7817765410563435,0.2763394973345047,0.9669705244094198,-1.0560503777127137,-0.5724746893112567,7145.25,0
177751,-0.6849951657244856,-0.403784121196445,0.5200042108807507,0.4001634569848759,-0.4943905928592411,-0.1158076115714636,0.590774192054532,-0.2587818784211925,5397.33,0
93841,-0.5718567744178434,-0.060546770765161,0.1714291116532421,0.4519285563641386,-0.2616286580411817,-0.991547974780256,1.043309139434096,-0.1262091066309107,20583.51,0
136946,-0.6540049424390387,-0.8640855148254616,0.3679266173346647,0.6011800827160881,0.6008749843276311,2.1665607717684456,0.847680853156894,-0.254972316440999,22177.03,0
51265,-0.6096291062354143,-0.4459287852766883,0.2080947235332777,0.7040632104619065,0.9589727255003304,-1.5211467284907798,0.084988603688461,-0.1810348769000715,13755.37,0
107471,-0.7131203773412992,0.0525731166834267,0.4676856230598918,0.2577511497954384,-0.9383255988577288,-0.6170076294097478,0.092564055404244,-0.3938213661470044,21571.64,0
50982,0.2036204634937837,-0.7629422264684877,0.7267212302701168,0.5587422128070224,-0.6104577229109373,1.0930056910187396,-0.0630943324443573,0.6551823476751757,15514.99,0
64784,-0.9700618265103862,-0.4382418196644093,0.2553796731286883,0.6134495340175581,-0.2776708449247007,-0.3632649553584878,-0.3379959662901367,-0.303135143466936,20157.79,0
16371,-0.3502232712628099,-1.2648822825654484,0.8800757441579972,0.2442515330164507,0.1784033758462555,-0.5750527117205588,-0.6075225299473381,-0.1928639436284465,9603.78,0
257533,-0.6377075089914592,-0.9848427047746952,0.438930695918528,0.2751775008182512,-1.062027772902245,-1.6648030694310958,-0.3727419034875096,-0.3236234576846776,22048.32,0
268278,-0.7219353644809123,-0.734041333612032,0.4266463362684083,0.4240618377932207,-0.4638868190246847,1.632514635718609,-0.0169215806849583,-0.3306089433676342,16251.91,0
29203,-0.617048877982992,-1.01818897102743,0.4201589590176459,0.3577960527930865,-0.6297631418401998,0.1055483204649374,0.6392767424161421,-0.3503280379983689,11756.99,0
74030,-0.3933770186218891,-0.1398662904745153,0.4400070723283721,0.4437163382771368,0.1006935740408911,0.0152237503222868,1.0631636648747242,-0.224544237387086,10405.03,0
275110,-0.1489744738265145,-0.9930417603203748,0.9238765474539646,0.3014637153965496,-0.409803826249152,0.0253098646830416,-1.1579883593374969,-0.0973728884418043,15313.38,0
201074,-0.8464681472251435,-0.8681844653769496,0.0821181937819514,0.3159899715700899,0.1490868837470324,1.6781059484795364,-0.7203826423593986,-0.2607425270438291,3756.52,0
32335,-0.8752073239448273,-0.6930774597162164,0.7014997326879199,0.3778885853825125,-0.0380734025644631,-0.4828864016468856,-0.4976526574242679,-1.999598629729178,11434.19,0
75388,-0.7826947068424851,-1.0553524615931884,0.0816841513318629,0.288273478848737,-0.0085554522157141,-1.4627769171091494,-0.009136920507368,-0.2239463616845917,23034.74,0
99217,-0.4593600198884515,-0.1102432834312015,0.3715777370820121,0.546238665305479,-0.5545404120809371,0.0873229200891098,0.5601570028542546,-0.1908333457786508,20090.26,0
5641,-0.3824635154903435,0.3078054734732805,0.1276148216123263,0.4260800396974483,0.5962532854794149,0.3287570142916307,0.0161517163785284,-0.2095772304572472,11464.81,0
19030,-0.0844952103277364,0.394272848873984,0.5463366031370188,0.3613494486421113,-0.0866843105201631,-0.7012715136331881,0.0904850503908273,0.0936007778264485,8893.01,0
8703,-0.1178623446334063,-0.5057404183811439,0.6865459764249259,0.6551503045041578,-0.2701109599996096,0.8442396708775598,-1.0580396984281473,-0.1975848942181142,20266.37,0
59135,-0.2309948220889427,-0.6912198747960396,0.6052431491804001,0.2106981420002306,0.3718532831371385,-1.491259191009063,0.279340706779679,-0.777204449146764,18645.55,0
196729,-1.1240183959273369,-1.5835868160419937,0.0065007748728795,1.1512350858222675,0.487247555934288,-2.214693522906245,-1.0531546538010754,-0.1354115510311333,17132.49,0
128483,-0.3574503774247609,-0.4414771908070953,0.4586289144854668,0.2249369953115516,-0.7934813153806871,-0.7613537493639495,0.4864976922786095,-0.2686189747017127,16901.79,0
144476,-0.1611299151569646,-0.4782797288586495,0.2835851203995937,0.309513249807419,-0.0731641722559373,0.1148337587570393,0.2449513236024922,-0.4426618986112915,8961.64,0
244810,-0.2772175557454352,-0.9539396367589564,0.6948594747810798,0.1898760686350008,-0.3271330723435572,0.1000785422785384,-0.3541504419185566,-0.2527478438090745,10407.06,0
110109,-0.3698153613438593,-0.270408772699066,0.4232634847549634,0.1303468952916628,-0.2883514311472147,-1.432840649669226,1.000343164240656,-0.224506553309694,12398.66,0
168165,-0.7950734266327841,-0.4906239855182506,0.1302263842384419,0.1500410723758695,0.5080802432588638,-1.6589159761411918,-0.8123281824780323,-0.2434360274954697,5744.1,0
129249,-0.3381671874710168,-1.331994512819504,0.729811466941162,0.4693888144627526,-1.3813507108479115,0.0607876645696023,0.1014085956139799,-0.3957264404803022,22151.17,0
153764,-4.532686377422837,0.1740465787053349,1.6185563896842052,0.942940071906076,-1.0107006321553766,-1.5867349248769922,0.1060422537035379,-0.6314879061666321,13716.39,0
48002,-0.5632569885158439,-1.0012900560855562,0.3789073796042403,0.7131063043033475,0.4877008308516588,0.2552062567428576,1.103377613970634,-0.2536888679194604,20387.53,0
201267,-0.5465912791420907,-0.0776407372212953,0.1406549961594,0.1877781628306616,0.9321985077160296,0.1238235635789057,-0.5375038273064171,-0.1187279451883301,16506.66,0
74470,-0.7045142304031738,-1.1361080861788977,0.5972023432501977,0.4895385168669474,0.0633962653114866,-1.009581838576966,0.6090552669814912,-0.261030326853052,23661.68,0
238310,-0.2538259010099873,-0.9764362591939568,0.8593370812413058,0.3757482327930522,-0.0451494012368531,1.4655268747596142,-0.6895192413514355,-0.3367139112843228,19582.23,0
138870,-1.3075284454188243,-0.3558406847233805,0.3548806906229061,0.616398991277882,-0.394555827321193,-0.3402029687232903,-0.4846019398841538,-0.3556949380284386,11583.68,0
46258,-0.9431474726340924,-0.8638988768975944,0.0736350527118532,0.8518885493943109,0.368231220637136,-0.4474338976134915,0.1624653193263296,-0.1680342141855351,23019.25,0
140703,-0.423260648594602,-0.4351463586590272,0.3689652320260897,0.4101390326889089,0.2933422075042013,0.8598553838747716,-0.1381030016458357,-0.0780369082117863,21189.65,0
152046,-3.840304966381063,0.226787108382705,1.9362036145465944,0.8146004091624057,-0.8696989134350557,0.7153990811763846,-1.372050280450734,-0.8112076351174218,9651.79,0
91224,-0.4827344640442202,-0.4060990718084701,0.3057699635242545,0.4012170743069662,-0.7058288586797344,-0.4855404049280555,0.13059011799429,-0.2420349768950846,13878.51,0
89333,-1.3657762506018831,-0.4200875862580637,0.243116765576716,0.1964883953744066,-0.4093860520967604,-2.6954567250429724,1.6073692601307188,-0.5088586198141823,1874.75,0
6260,-0.5322673422523547,-0.6251258811861284,0.0530263896135829,1.545431849658626,1.0368192170620951,0.9011674121851114,-0.9924151865678,-0.4004861379703597,16478.15,0
215080,-0.1861024908446056,0.838144781383022,0.3330311118532626,0.4031677081518312,0.8477308621378996,0.1608376063048129,-0.5035045099875033,0.0833398040103766,15751.38,0
199805,-0.5318718255529926,-0.5559253024187955,0.3576733722520998,1.1472367633624585,-0.1011628097780678,-2.312971954573569,-0.5789207200969178,-0.1973896677219958,19114.47,0
122901,0.2160083120030374,-0.7646430508662037,0.2594824048941508,0.7846820675553546,0.0721083119480079,-2.283100951725761,0.9101977113547662,-0.1085961876866954,9514.7,0
190411,-1.7801591656423958,-0.7081802617332561,0.2882383604734691,0.6262346261040526,-0.2981753521073438,1.384952087297337,-1.047114072899446,-0.3351826685537014,4082.12,0
125423,0.4986618255708317,-1.0198078127817256,0.4778327920972995,0.3532042962897133,-0.8757317154019275,-0.2069836280384926,0.6461612665785809,0.9706949996541182,10109.63,0
125620,-0.3614599286568465,-0.1880025812469377,0.4675436243940585,0.4064140500384378,0.1246648217667364,0.1664808986761271,0.9027117685949364,-0.2095981192529977,12871.74,0
33036,-0.4359685229782496,-2.158810876687487,0.5211449820738419,0.5771370414590998,-0.1468184825722319,0.7941032769493204,0.8360264445843563,-0.466188106563133,6803.59,0
130499,-0.25757469824112,-1.7088148571818549,0.4186820424090561,0.4955031854784033,1.3015050512804212,0.3316212354801394,-0.0097232281293897,-0.4388847568156683,16951.13,0
178760,-0.1038847917210918,0.5281269221850597,0.5760245185905833,0.3324591891069849,0.0591210597486903,-0.1266064893311922,1.1824308954365657,-0.0134283380622977,5059.64,0
208972,-0.2131961728310331,-0.7372989501194102,0.6229010518575993,1.4911058201328915,0.3479728005671821,-1.4699382724098322,-0.7474069517510891,0.2145866478861691,13383.56,0
166258,-0.6331208475186254,-0.4951291900450924,0.1981772953211821,0.2092133250546133,0.6788467135187,-0.6964651213463724,-0.525768694765831,-0.2617530505308604,11633.97,0
131013,-0.6409524859828212,-1.0697925992483777,0.1799542338994944,0.4541427922060846,0.2948529002946501,0.4468389778338336,0.445851341790691,-0.1249441485039205,22627.58,0
128844,-1.333992717891333,-0.1312733992875688,0.2907490646354305,0.2682627079991946,0.5223349126656961,1.9460256868780037,-1.2471119931736472,-0.1746592655556754,3464.31,0
115749,-0.6285304973470491,-0.9903400365274664,0.5186521338189344,0.6961935988353056,1.0798418271578645,0.103446670348241,-0.7474540834862411,-0.1005249908515459,23288.08,0
127536,-0.3715997638183617,-0.0362613123314769,0.4619616980886994,0.6053911588146761,-0.0039672648397144,1.3493615363513056,0.9090526382237432,-0.1913215840140129,14787.93,0
264549,-0.1206241336672213,-1.2207068231175489,0.5123728925706021,0.5296747040941839,-0.7023817069231838,-0.2211516120598091,-0.5444909425576674,-0.9069872670356378,8520.32,0
164155,-0.1170347242418572,-0.2267536025457434,0.917291718264492,0.9300622683953054,-0.4449821913811451,0.903394017722888,-1.654004645525791,-0.5107108822665801,3897.06,0
262167,-0.5015639708995072,-0.4747255894997461,0.1989760841130227,0.4467204240260976,0.0220629282047805,-0.0016753097781652,-0.7517961138961315,-0.2152873867372673,12777.48,0
280392,-0.3645453059527024,0.6042362733926231,0.2483952712198594,0.1033876667677917,0.7074621045639631,-0.6000393764824202,-0.3479498135041706,-0.2268294465573158,4901.33,0
274622,-0.4083076941657452,-0.4548555522157543,0.4821363766812346,0.6043319991060615,-0.9287396227636866,0.7661060981481989,-0.4975315701335244,-0.3133233618911643,3752.13,0
615,-0.1687023986174135,-0.7773013975696658,0.7273608651656864,0.1680245980172751,0.3574684913213685,-1.4016888317828682,0.2559926879174315,-0.1092898181236026,9987.25,0
153508,-0.3355880181875315,-0.0174341944681469,0.6527919454624065,0.6920482467928566,0.1852714559515806,2.344449904624326,0.6192185475752627,-0.2889164398609199,5421.32,0
27438,-0.3161314591266091,-0.3199113076336378,0.5083598739900671,0.1776535683630526,-1.1910048218617844,-2.208967549845043,0.5209023269672303,-0.2059376330811813,4529.14,0
187453,-0.7585680756272362,-0.6163734436513345,0.5758153783390587,0.4879859809978653,0.6813866139730262,-1.1707005413787757,0.1013631983624585,-0.2426808770385985,23415.0,0
107515,-0.0753865124584509,-0.2352258722066539,0.5450947401438847,0.4429777872595208,0.3586457648248638,0.8264961410630947,-0.3851318691351512,0.1176603210866227,18454.43,0
252507,-0.1469964182854796,-1.4922212244386823,0.438876561898001,0.6309934604582761,-0.8412140126155371,1.2671293797744163,-0.7132454458809838,-0.100030819934098,124.44,0
19247,-0.4262626491241985,-0.4262311214250013,0.5273248843897838,0.4061031556389665,-0.8710250934760498,0.4215016137289605,0.1058062207376943,-0.309806950736423,13506.09,0
112138,-0.3247517787102738,-0.2159040943704636,0.5219560497388644,0.2253248513894298,-0.1295303920056928,-0.1247263668812153,1.018480962022251,-0.2057211204800734,19508.92,0
84630,-2.7152173355619094,-0.3208068731583851,0.7127756759276734,0.6116497086332986,0.2257986467581843,1.8299456088383208,-0.2470295179250551,-0.4723293328601657,10570.08,0
92885,0.0344146584837196,-0.2968045151181776,0.5217972612787461,0.7373579309851438,-0.3029802189073911,0.4265332562166216,-0.7403277916091301,-0.1794059520250344,16698.69,0
136812,-1.204725164944842,-1.6611445002821104,0.2979303833996242,0.433406222713475,-0.055063598790408,0.0314784697963248,-0.4220460828451301,0.0110500866038593,6529.02,0
108547,-0.435958428478374,-0.2610454025360543,0.4078571882342389,0.5026135819254076,0.0479255661361401,1.7428617854890818,0.8216654791900604,-0.2604083140395417,11832.35,0
177612,-0.1974990757925432,-1.1346069385970905,0.7863210967211065,0.1587527505640998,-0.6217516533550265,-1.7052554555785535,-0.6974233033602679,0.0495604780672169,15465.62,0
45573,-0.4645369123381642,-0.9100569286049982,0.2454547394921735,0.1835521484027912,-1.0840398510808722,2.1779424944144443,0.3943931411177386,-0.2632695025452806,22286.0,0
255137,-0.2149578576572594,-1.0431481720459908,0.7944315715245306,0.8526638210131349,-0.5605166543204925,-1.1534470545357218,-1.1019229456651731,-0.1215022984788654,17118.52,0
200029,-0.3607822919158916,-1.0528768182812076,1.3245027213989904,0.3142353078256278,1.7434771691680222,1.8649774743586736,-1.6476817139856217,0.0402734932286899,2443.33,0
198533,-0.3631217672796897,-1.114688300953705,0.6347471716744185,0.4772485843774718,0.0050891946893095,-1.1952405935885415,-1.504040625371166,-0.1699765758021565,12312.99,0
241446,-0.5450928124152971,-0.4396200133426969,0.5109589595337715,0.2587767840976847,0.8638663161964905,1.2372721328686056,0.3208318326873343,-0.3211545601741056,4930.57,0
250657,-0.1197978062492868,-1.1362615201098858,0.1259006824139445,0.9482278034848476,1.1657056862728683,-2.724253946142542,-1.9763542980494573,-1.0893976107003496,9792.75,0
126885,-0.937793950696402,-1.0251864716723538,0.154090977061571,0.334067702037835,-0.7689336769255976,2.436480815561247,0.2710306931198762,-0.3190483225910218,23728.85,0
264292,-1.1359000426724888,-0.382830933600601,0.2971633263682564,0.2212639997301035,-0.569669362593785,-0.3277079963385133,-0.4795795559082028,-0.2486652944084377,21275.86,0
162378,-0.5000522983278415,-0.442829145307885,0.4603895855045873,0.3706292630640012,-0.7711706411524707,-0.0876884712245225,-0.6273783915716099,-0.3283345743830047,23067.89,0
152553,-0.5968009298301888,-0.4652858986251294,0.1345019528679206,0.3361963316116018,0.1198833109376157,-0.7096879756079252,-0.9872874311244172,-0.2819992905911568,8477.61,0
64839,-0.5260669559329844,0.0072668724593517,0.2611162424146511,0.6907110176468135,-0.7618706855500017,-0.4891893988575944,0.6758871031167796,-0.137803089049279,10570.13,0
137205,-0.5869016660565163,-2.36047618835417,0.3083573766849622,0.4815851579005419,0.1618305545288511,-0.6300378832226565,-1.3471168126277948,-0.3297954457667066,7354.76,0
48460,-0.8410949512417824,-0.7579827201624277,0.3108691267914448,1.1660964975930894,-0.3270656186216761,0.0027868883742854,0.3838909567543987,-0.2463275999862478,15690.92,0
205184,-0.1571496351862492,-0.2577073359296846,0.6854549148005314,0.7709684608110784,1.1073298241945178,0.4167813548657947,-2.0544782910948247,-0.2074656339239632,7350.13,0
277718,-0.3269486744896172,0.6135620918733286,0.4255224751068068,0.1908047539709701,0.3078481127285582,-0.8733599894562728,0.1486681576163766,-0.2781702812544497,9217.73,0
82781,-0.307329945621228,0.33920943870373,0.4572897961426072,0.4900695689405243,-0.3010833872510122,0.865129386665369,0.5728729974601214,-0.2149859720952948,16107.9,0
11642,-0.4943334095372658,-1.4941027455219826,0.4743859010035826,0.7343586895906595,-0.1779472453733598,-0.8368831859007413,0.3351790934309427,-0.3734799989292135,891.01,0
230722,-0.8925532853750269,-2.611979804772984,0.3599141167228332,0.3505364833430972,-1.3364311233410862,0.2353621005200414,-1.014719900245027,-0.0323065331352631,17957.84,0
16479,-0.4762150622312301,-0.2700113080503362,0.374543233997232,0.5584975079803183,0.0197973053677459,0.34316557666992,0.7226001117177745,-0.2364256859482442,1311.47,0
254109,-0.5884641361425078,-1.2739681637648674,0.2553890213005105,0.2435863531729251,1.0262910883766487,-0.5064347622463883,-0.8644045769734947,-0.1070645128424054,22939.34,0
148554,-0.4406442394828785,-0.4534697227530798,0.4301237606301579,0.4439408196757261,-0.7798513582725582,-0.9278727258356269,-0.5339106578341408,-0.3504290961668444,17099.26,0
161584,-0.1653668659795007,-0.1670362920185461,0.7531713956809831,0.4971011812499695,-0.7255245655270269,-0.0734845752805507,-1.4078536135142217,-0.4102370746578137,3959.3,0
79950,-0.8496261997190803,-0.7325008287437731,0.2920639593593994,0.9998208233466326,0.5092047541020431,0.9880944552690052,0.1502212233069656,-0.3318237002718385,10583.59,0
244192,-0.613989189355074,-0.3095405692097865,0.2087981752301221,0.7663625684926261,0.6252287004472408,1.1901478079624774,-0.0674526945240842,-0.2506627257581023,6730.72,0
68707,-0.2268621703937897,-0.1365534113622071,0.3926387829252519,0.5940125389991449,0.1162866676519546,0.0798075554426279,-0.1357877843452507,0.8265757311368045,22559.84,0
267054,0.1073613669661848,-1.1037162160589706,0.9584195022916908,0.2028398683329013,1.2089723930509726,1.1372132646838264,-0.7972296972566834,0.92440411809522,14605.98,0
34142,-0.3261851397292984,-0.2513813511676431,0.4836519240170457,0.2076766829606798,-0.7218993276988243,-0.8280075614715383,0.7490064699549429,-0.207610465666059,4830.47,0
100257,-1.150421152268428,-0.9598028944266312,0.1511123863808332,0.3992689591503445,-0.2568849783099951,-2.167946968738788,0.6741837942135075,-0.247816350358588,19083.68,0
137652,-0.5942324409621376,-0.9792708679637616,0.0536266227360495,0.3948289180409196,-0.201914446835935,-0.4183408386830233,1.1792288757571177,-0.3679505640832022,602.21,0
129259,-0.2392288188289974,-0.3205019079038376,0.8009002449557178,0.4416326220893398,0.2110562367485204,0.4885353725437696,0.1701010848287192,-0.3678117423237583,23316.54,0
77595,-6.374245634564833,0.8664934903489063,-0.8338041612752726,0.1931294663006703,-0.7182839271201397,0.2071356711628479,0.4307449646284768,-0.0947593891702233,23357.61,0
253530,-1.0588290516580123,-1.559010280511652,0.0384314814013419,0.9719586155760516,0.4482080662755569,-1.6867959128330576,-0.8756777524499376,-0.146760836757573,5925.08,0
50826,-0.3048902950191977,-0.2497628359078426,0.5325078806011637,0.2144587781222722,0.0156579851548526,-0.701617255195742,1.3352430853142805,-0.2149016950639752,7118.89,0
64302,-0.7005466565549912,-0.3646758801883544,0.275748994546562,0.4780989436428211,0.570884800765446,-0.3550798553235041,0.2565823786165576,-0.2513866612511711,8284.69,0
131537,-1.8639024810371116,-0.8742169698908682,0.9798466020374378,0.813809194764757,-0.1709448312238447,1.2043890148307732,1.4512371124071028,-0.4624385095699858,10481.03,0
170155,-0.1057927854261637,-1.0275254882566327,0.5970985225020691,0.3663143123624053,0.7570908440258604,-0.2761292809173349,-0.8579471805192219,-0.3658044038710157,4207.14,0
173881,-0.2428031838760208,-1.561592000882288,0.4303598182070227,0.41701552712375,-0.6149327235845106,0.1065838532170483,0.7157528439275501,-0.1334225646028315,16525.74,0
79500,-0.4630958134621731,-0.1323541553312265,0.6363015776105274,0.2893749532783827,0.1062575905591452,0.93758636571478,1.056983312396292,-0.2466379524994738,15556.98,0
179127,-0.051492920188991,-1.0132556193688658,0.3830586970380015,0.5613767500740442,-0.5972003256612307,1.1204389188345194,0.3615190228349097,-0.0581490547708628,941.49,0
83018,-0.1762454576063915,-0.5061454569528947,0.7153560435892118,0.6302779766967852,0.2103293120404013,1.4336156603323338,-0.3407385025753417,0.185717557262705,15659.64,0
133817,-0.3354622315408616,-0.1715864100050206,0.4108879171814468,0.3707809471407982,-0.2963625466849187,0.8147263020228291,0.2848271618334783,-0.1659848148288768,18042.31,0
238410,-0.2564840196383247,-0.6539576708749317,1.2049902433665884,0.1816916332261985,0.4814067517770267,-1.1076368469716578,-0.5161486240413716,-0.7451193758518505,16231.89,0
20753,-0.0930074629136775,-0.2412127767470419,0.4021409578722515,0.3791050475925876,0.6996619215184241,0.8630226586294447,-0.4463101543635309,-0.0207996790590441,756.9,0
235800,-0.2699898899182064,0.5532130842817219,0.5796249506572804,0.1972130711585189,-0.1037805209191015,0.2038469703999076,0.2981147557968457,-0.3229965028139074,23337.73,0
19536,-0.3607951082147255,-0.6773010567203843,0.7193245098054574,0.3116139950464434,-0.3192555009877617,0.3727552992207782,-0.8766764181959216,-0.63537316434771,4606.27,0
98694,-0.5122163623004188,-0.9553674400865472,0.4832607177663859,0.4267809498706142,-0.7829358160768598,-0.5866595631636075,-0.8818391061768637,-0.1809675110447255,18268.74,0
53083,-0.4679853451438119,-0.0443793081673638,0.3027641595279918,0.4577541741424333,-0.2017916686315264,-0.1983411967849623,1.1186541704003423,-0.1810329455879001,16207.6,0
161031,-0.4342852993341978,-2.699426016833833,0.4273238791342973,0.5096664199687396,-0.1406489436338312,-0.0824473437116561,1.0857563581146932,0.1574567752057183,2167.8,0
56652,-0.2608383540587691,-0.1986017787095701,1.3527557977960911,-0.0304737718122562,0.4420233306267117,0.0048455591226242,-0.3301999176145859,-1.5715903856293634,16356.64,0
165318,-2.1932060874204344,0.1854492061013321,0.402240243976466,0.24623777957871,0.2416290123259177,0.6954378247604481,-1.0329609045406205,-0.3453929236665228,1708.92,0
228417,-1.3821265468650776,-0.3753941138894949,0.0687422647442661,0.1341500885342235,-0.2206398024651073,-0.7899092751602366,-0.900469932829433,-0.2130691177917419,1444.86,0
31919,-0.2514124354970909,-0.3232130596043863,0.5781440178849833,0.6743718789777441,-0.4213965263841623,-0.3289930730907465,0.9943545763813628,-0.2761953514744278,310.99,0
70053,-0.3355819887978157,-1.3994353100402963,0.6336820262773004,0.2681170364837502,-0.1518784358148133,-0.4606336603885847,0.3058506449094411,-0.3963526151109757,891.56,0
231396,-0.1777387046014132,-0.8424574413635664,0.9149896240523132,0.333374243362041,-0.106815874747845,1.0412420505390916,-1.1372152673722309,-0.123591497914584,16615.76,0
206527,-0.498579038102238,-0.5072987170426371,0.5370768406842364,0.3565789734685854,0.0347322037825856,1.732899249130528,0.1169675870232499,-0.3650297240816891,23563.93,0
207960,-0.3899648001105565,0.5428105342928423,0.2264438527938072,0.0822008318595056,-0.7298276589516277,-0.0688759214579242,-0.9659517909072446,-0.2522934918090367,15961.75,0
113541,-0.0532955612814532,-0.6086490657243071,0.7398886350710591,0.4199168449382135,-0.5715207238083122,0.7584186590235201,-0.2929478096599381,-0.0981017654836231,8846.79,0
50466,-0.3958384676427133,0.0112574569746938,0.5768320800616008,0.7799842982071223,0.6248118733159536,0.9432893043156592,0.5179892189161924,-0.0533427995783992,19520.28,0
174190,-0.2878240124924374,-0.927483972350342,0.3472606314249529,0.2859862103613571,0.9344156484823732,0.2329689255404986,-0.7218374260840695,0.0445165463431856,11226.24,0
238502,-0.3201962080248369,-2.214387662748188,0.5050072327655165,0.3703028985426531,-0.5686074120980591,1.3962349238670122,0.2550072344196007,-0.4822974382671585,12198.39,0
59433,-0.1733484340462608,-0.9363202127038626,0.5923222706074494,0.1770634597831727,-0.7026445024009258,-2.6980182510996604,-0.2375508122216346,0.0882806208302883,19915.21,0
217373,-0.4568251476725664,-0.4070923343340019,0.50057311776277,0.8906554944836033,-0.4083081633052265,-0.1810763582952818,-0.2161938307966954,-0.2477046144354996,13201.36,0
273607,-0.1147666548937519,-1.0271842567469025,0.5410464813186917,0.1727670123306274,-0.4280967900860897,-1.868193680641548,0.7973606719986592,0.3255274703784531,5017.58,0
2681,-0.1276904845244203,-1.2974102315853808,0.5012202401102168,0.4067546136563332,-0.0692810007765316,0.9163369084363752,-0.7766425994581151,-0.061414032172555,17838.14,0
64695,-0.2410398532601953,0.4252767419274575,0.2456297151663199,0.8090300501007548,0.0717172678733005,-0.4575890541147614,-0.1503853224657356,0.0778872358295119,18734.29,0
98327,-0.3798761698302242,-0.1191358253998664,0.4778479008923171,0.4502183948913351,-0.1383531884904914,-0.7409938880424893,1.1867359278925873,-0.19081928381265,19406.68,0
90771,0.0277254913265775,-0.0449426601912261,0.7090391189825298,0.4282719443347646,0.0727378468812596,0.9643945802384388,-0.8898493431748851,-0.4385614390573198,18704.44,0
250235,-0.3726623141662748,-0.8579931296814078,1.0351503111069018,0.685971615772818,0.1990427378433709,-0.8563028092790802,-2.8366999230188226,-0.0638541012144582,2183.96,0
17618,-0.7687224935990501,-1.5836804493054906,0.313022680580738,0.5364295918360332,0.4970254749470297,2.378812539196897,0.0126881586051365,-0.6448149692540526,20855.15,0
199196,-0.8912834174927036,-0.6024393951875465,0.4932838886513307,0.4123661011982123,0.8119580814685446,-2.430374515167729,-0.4373019975175808,-0.3491574344270125,7377.04,0
94479,-0.6164599573084723,-1.0991794733007965,0.3167431313514077,0.4741960700234903,1.405612183891015,1.2081081746157396,0.1290517367476963,-0.1729058076746551,4594.74,0
278129,-0.5499628348047584,-0.3874728549486241,0.1888758235763528,0.7777622131622647,-0.3716542960939539,2.5940395599127526,-3.3872037520415166,0.0284718846316395,19047.89,0
11359,-0.1370886141287435,-1.119385713390303,0.4414435315721204,0.52745677596722,-1.0647207384465684,1.9202367145436932,-0.1327674688872492,0.0254849782896374,14196.97,0
177764,-0.1266644045827381,-1.1135844771094718,1.2886040431309294,0.3691441510760589,1.7718459289241926,2.848507386006589,-1.7551693310985277,0.413845964545933,18206.58,0
212366,0.0796553150392238,-0.5487139222669114,1.1611660901679637,1.223360564061983,1.7240501120091196,-0.1421452575185766,-1.6839788237530924,0.3814313941228163,22198.9,0
139283,-0.5714431976443164,-0.1228960831369111,0.2435718501487699,0.2225911688258429,0.3956965900470983,-0.0439755476911697,0.697315269531897,-0.1890888594915835,1448.81,0
273001,-1.065830595797484,-1.6044621737861915,0.2397514773896708,0.4117121674188424,0.7090593402732944,-0.7459811049997794,0.0721077373048251,-0.2760026976067006,13583.14,0
215237,-0.9955150632287127,-1.6513004281957822,0.0414947960075515,0.3792178984302244,-0.4979942101048612,-0.6944623250743565,-1.0787672328394426,-0.2076276226200675,21907.22,0
109619,-0.7592846308730637,-1.0788060581996413,0.2808962101065413,0.4008075644768988,-0.1361961825100674,-1.3319339741871858,0.9737557427880348,-0.256634342793699,6508.4,0
241791,-0.3962056369439965,-2.07215118832708,0.9711400506378064,0.4612505630578851,0.4848977120232953,0.2484619738312193,-0.0954380645068243,-0.0889535734169672,23043.17,0
79186,-0.4131937963184527,0.2525029324103615,0.1803969942786151,0.3680089781021161,0.6492932308760851,-0.4727855013901126,0.2425580193872963,-0.1628511990673305,9031.0,0
239928,-1.0312394905703204,-1.654696202743551,0.0847377562541953,0.4699128789541655,0.1032865323889047,0.6204131305446421,-0.4024486984817267,-0.2272543759225556,7155.23,0
69063,-0.7077428516091019,-1.5190433860596722,0.3068395683253396,0.5476956510368834,-0.1918549262219082,-0.7312597953940353,1.3176105341779856,-0.2347263871905223,13300.59,0
194440,-0.6250769638417402,-0.4552358037955858,0.5089588837777295,0.7692385264704168,-0.4078966718635041,1.3087795988076498,-0.3107167258013028,-0.2848025801899377,10829.36,0
218346,-0.5649311918768313,-0.6914986465151026,0.392326328842339,0.2163512217938666,0.3530447135411139,-2.1099901299614863,0.4968844037930393,-0.2737389917503092,5243.8,0
184661,-0.4932697575882425,-0.1509371004523388,0.3567021147482861,0.2500999669025842,-1.0986415291769367,1.3534403184748574,-0.8145102978077328,-0.2179087150616209,899.88,0
25646,-0.0011004585696151,0.2033057332204617,0.7254220948001884,0.4817510921725446,0.345787720883563,1.3659214875191434,0.3164166273276019,-0.4269072005965409,23208.43,0
267496,-0.3882738682089862,-0.4799766298285239,0.4797757604100619,0.543268892516824,-0.6597590849297983,1.3649855686987633,-0.5573268536422401,-0.3024187567483899,4469.32,0
123497,-0.2258381656901714,-0.2349063231077761,0.6074659337484428,0.8172147125501845,-0.1988678183115496,1.874131583768356,0.8018296520766995,-0.2690589287630722,18078.64,0
89773,-0.0439461237411412,-0.4497255342407758,0.1658418016341398,0.3911763893196738,-0.2689302434373302,1.1239964221307768,-0.7226117273863817,-0.5714382604508343,13919.0,0
121800,-0.8027501600344261,-0.3884196305147241,0.2199808592952873,0.4254392853763097,0.0647537502466248,0.0610119047212973,0.5412315124974997,-0.1633227267191049,23124.9,0
219390,-0.1192232649759865,0.3554774418554542,0.6062651405719213,0.1253047877710925,0.5826421215540705,1.1658266454163186,-0.7303899068539774,-0.4302302267709092,3674.12,0
81641,-0.0953545928522101,-0.2791340462824943,0.6301922010629852,0.327696978834449,0.2349277835709266,-0.7691428932350087,-0.0693010286226139,-0.3031375071495368,21730.08,0
237669,0.4706352909452008,-0.9103771727274412,0.1020640547114535,0.9396484098792444,-0.9055266254825824,0.7846412005608073,-0.1564576116349975,-0.4817652136474509,19971.0,0
76268,-0.1085977543213586,-0.5080566843269678,0.8130202252649787,0.2550582305992287,-0.451054996441787,1.9426169147022776,-0.2601743681224275,-0.2415806181319129,3509.62,0
29170,-2.665166158423326,-0.0645622846418521,0.8188255476834777,0.2183073348244061,-0.3736099750223394,-1.987659311149728,-0.5615818666431955,-0.5239863529035806,20855.67,0
257956,-0.4211185362096441,-1.4722728433591088,1.624907961076663,0.7438445903366893,0.7756097392365291,0.4683526825630792,0.4257215772973459,-0.3274517592674168,17702.65,0
185648,-0.3693851029024784,-0.1889635081660965,0.6749649243819968,0.2012840566473716,0.1943027350408189,-0.6014839368694559,0.4676998689924087,-0.2735081724464506,16592.33,0
183318,-0.6335723084258378,-1.4191645937480202,0.57124619263687,0.3129046569331432,-1.1369974818465252,0.0318062934763292,0.0039572168646114,-0.3010218222497974,15041.22,0
236229,-0.3482258358715833,-0.8019953938580356,1.398528023546786,0.1329940837307527,0.2398084583242089,-2.2840279234497083,2.928174065765294,-0.35630420686972,22269.29,0
266453,-0.4697841506879507,-0.526056959597878,0.4714073564846449,0.2426496525611249,-0.5762498259754198,-0.5467285386652142,-0.513132889937714,-0.3184144139671319,20136.13,0
221333,-0.6413979376782187,-0.5757889518748359,2.4915318541492426,0.3276528695790238,1.0622304695246376,0.0943610704345761,-0.8062807610687562,0.6672023958684798,4013.73,0
21485,-0.6789983958387171,-1.2597395552373063,0.2720805533901569,0.2794787189021391,0.2079952154616248,-2.1720134959568207,1.262312820236239,-0.2635570907522924,10000.86,0
189824,-0.0435373283609243,-1.0270767972401686,0.5960613250005503,0.5004834205306635,-0.8458637582386124,0.1497912926096127,-0.648111242769544,0.0013108611907081,19697.82,0
258,-0.4804025746214779,-0.4132880741584367,0.2531267566630966,0.3016690356417393,-0.1280806814615173,0.0358405843374659,-0.0412939721877117,-0.2375922201966207,4894.87,0
25948,-0.7425215775352101,-1.1301024798316264,0.1026275372231886,0.2953466235196356,0.902047069249721,-0.8300824721355435,0.7376854352093645,-0.2073670749710815,21306.58,0
137310,-0.9632835124216664,-1.3559486040725457,-0.019537153744022,0.5680914906510487,-0.1156753223042345,0.0451711899784144,0.341223532943654,-0.1532476745652553,14081.75,0
118581,-0.4111472472061605,-0.0992151310747636,0.2782619839011613,0.3394232111172111,0.1958533236390289,1.6017944725456974,0.5366572216446622,-0.1500467146473369,6545.15,0
18204,0.04529607698956,-0.9276298209798914,0.3289878828084234,0.4872841264921435,-0.6918514773266496,0.7742451150649537,-0.2499050458257104,-0.1215860609260968,14159.75,0
138624,-0.3210201455804055,-0.3334934367934289,0.4692685927910222,0.4334229938408463,-0.7496107235834417,0.7351211488520653,0.2874224497323911,-0.2620031717026513,3645.95,0
180824,-0.4053788074658399,-0.5463852562485187,0.6478375156142924,0.5184135306860114,-0.0581724502526769,0.262979894818898,0.3085859727518284,-0.3778013135899903,12418.5,0
38824,-0.1824371904629899,-0.1944873049958014,0.816484913791045,0.3722731070769063,0.4224025725512327,0.8515012870640649,-0.2180302331687007,-0.6418969304951466,13590.53,0
205685,-1.7676282468755324,-0.8053516080317606,0.3352553114571108,0.4017702898551517,-0.2493857732151496,0.1342766057317851,-1.4008448612912716,-0.3784681923968391,762.68,0
25471,-0.4358111808942368,-2.5008830152594594,0.2413961834110319,0.308589720498154,0.1398461752110286,-0.8652068300832693,0.9035571973677958,0.2788033078091969,11492.45,0
82592,-0.2754531371773461,-0.9242902286772666,0.0687870279012631,0.5699092040035684,0.4717730589928762,2.222658123840591,-1.342654539613486,-0.4647068236719698,623.34,0
193812,0.1657851375926174,0.666949758231493,0.8243963326128817,0.37926417076274,0.403770876472648,-0.6096257824402532,1.0198868090395754,0.1198177126964437,2246.53,0
4977,-0.2056437604958259,0.450282318090495,0.5711352796591856,0.6657807686610442,0.3589048825666741,-0.0996219356699662,0.3824237153156941,-0.1073821900884197,7327.78,0
260334,-0.1157553187310261,-0.9358639506176808,0.8102833742456941,0.5399994561629076,-0.8041848909546613,0.7771867055445176,-0.7113495529782754,-0.1321347675024264,21637.37,0
229573,-0.410875713254058,-0.1254151609818177,0.3360419873131326,0.463267646952146,-0.774942114772301,-0.2501644503632852,-0.540983281924894,-0.1652328832243406,23576.68,0
220891,-1.7224998617003378,-0.259065327918943,1.4099639910057318,0.3435918639781996,0.3197235463771135,-0.5512702309717757,0.2867375143299959,-0.6038945495505695,12228.35,0
170417,-0.6479460687308243,-0.6761193809159698,0.531865534589876,0.6521706476116669,-0.0719009691614146,2.09920447900789,0.0380481401146743,-0.3576794239426665,18331.62,0
47837,-0.3333464397991516,0.3289076415897162,0.3873149136604083,0.4865362098244317,0.0197717427800962,0.2269429076415844,0.8336639780895392,-0.2104126031179267,23318.59,0
18528,-0.5332995544454148,-0.4851362893420157,0.2232424780146289,0.4730508956826792,0.5538755766732905,1.0969486004486848,0.1864810780700618,-0.237049343210576,4080.37,0
71186,-0.2942568048236767,-1.176968445787388,0.7736457036237229,0.2743249866558717,-0.1387115150812669,1.697583391855043,-0.9734920127570318,-0.1670783488236599,4388.27,0
282352,-0.0003989445869491,-0.3808472502722393,0.9624119059453102,0.3528585235320748,0.5867752008656366,0.527571086791336,0.148027579158575,0.4448478511884771,20173.0,0
74556,-0.176923048071089,0.2750917803864879,0.6585745236008749,0.4716932002192382,0.4922960125946389,0.1289079775475073,-0.6744074760137455,-0.2329010798225322,16260.6,0
55108,-0.3246465221096183,-2.2243477090234984,0.6642707066460315,0.2916985037328473,-0.0499187130883981,0.6747315092521163,-0.4688114105372558,-0.064200496142514,11394.1,0
6004,-0.4919956164381741,-0.1221416563919611,0.1177237407931318,0.4939724777163153,0.679410339595665,0.2949914592223813,0.1835817550560471,-0.1783200086805654,11825.18,0
175032,-0.5907565726310884,-0.2280451559027798,0.2191787331727592,0.3423906151465155,-0.0734314723599134,-2.628944724024538,-0.9434673671312008,-0.1247060394058346,15326.11,0
283166,-0.0938197252000492,-0.9332850624746928,0.6601745963658181,0.3575950525575027,-0.7078050106492592,-0.7736784770545709,0.6788065945927252,-0.4073863965793849,7424.41,0
196590,-0.3697749558077648,-0.9228980108598538,0.6470578053805418,0.3040084873239946,0.865465213628428,-0.6792980148346052,-1.136572663551382,0.0352996475901855,19158.32,0
120862,-0.8566683468154646,-0.4551982598068498,0.5789414529592738,0.3016823266217076,-0.7623059395709257,1.0200334233490629,-0.2361375938186815,-0.3830791373918695,7767.85,0
12916,-0.4001392652186969,-1.7660726961617357,0.5441803750598146,0.9087310606272522,0.6530631448722365,-0.6000504476382101,-0.0854567812145357,-0.1872153564388069,8964.38,0
70533,-0.6351740110802628,-3.0488976028409347,0.4823612175236858,0.2316253552734647,-1.332789287638956,-1.5304332358304964,-0.1272773522510334,-0.3268798828370313,4648.91,0
196035,-0.2810172064988008,-1.2681673251169936,0.785947471901713,0.2189255319726831,-0.3160916513910251,-0.159663218896453,0.0602331465482488,-0.3887280123235222,2572.64,0
188103,-0.3604461976799615,-0.4661696427115377,0.3094571436699829,0.5668150292354829,-0.462427130154172,-0.2711778571165711,0.8068719209410549,0.056120230056226,19652.74,0
225697,-6.012366048240034,0.2172164292095086,4.084482342517125,0.3422337169453437,-1.6367441976009165,-0.4063870404129607,-0.93474329059392,0.7490152366391895,8907.78,0
132093,-0.1686688986123633,-0.8971041471751435,0.7907773418840148,0.3224620307343071,-0.7204959132575943,0.9172684383464266,0.0352233013699602,-0.4427666048771199,2035.65,0
277001,0.019212503491247,-1.1787077049007455,0.8046738037523538,0.1918455055746553,-0.5310294372344141,-0.6905399912720532,-0.4502664044377173,0.6164736908188146,20312.89,0
251719,-0.5399539909961372,-0.5803508527040786,0.3141797493349491,0.7760952082885201,0.0773393724199774,-1.6406401235770225,-0.6798180195910021,-0.2387153086647146,15006.68,0
195316,-0.9284639922778808,-1.667967814533898,0.1797389605973577,0.4256269445237956,0.7067780790055102,-0.7945255782459194,0.1009621200037313,-0.2556476452487153,14450.0,0
179205,-0.3551008080628747,0.5323353479258146,0.3665906484225844,0.3256815305053251,1.181984612467066,-2.5328308432458755,-0.019920460371705,-0.2289254878654839,13295.26,0
155154,-0.7524016459347939,0.914449960165882,0.5102661709795461,0.5509634274777626,0.7877860880133407,-0.6803289690459052,1.587116529049038,-0.2341877836952071,8732.51,0
270120,-0.6069407464914446,-1.129008428083058,0.5150249272184645,0.3121747614629029,-0.128561528504089,0.6708535025777155,0.3826271364916311,-0.3042490893110456,13073.01,0
216295,-1.0974132704993318,-0.5180327696782425,0.3186399790137636,0.3049200561757177,0.888057158402165,-0.0691707554270612,-1.2654505974180406,-0.07139091013443,6037.44,0
94882,-0.5733268589187824,-2.354788251353371,0.8925536898951308,0.1760999167798323,0.6780229592493489,0.1691864975223447,0.9846428333543692,-0.4380208577335496,20226.17,0
166381,-0.1133825825605595,-1.1990515585861394,0.2769364062931507,0.2765868594140587,-0.4432488145678026,-0.883700494578095,-0.4523357909950283,-0.7568615227015815,10787.75,0
151550,-0.4229240045519036,-0.9032153727982224,0.550478087190213,0.643222785629177,0.6911935016532108,1.5578765697595074,1.342548716807377,-0.3320322534837694,15191.23,0
208501,-1.4426986902128314,-1.9442523243011776,1.1115730076005184,0.6799689004476641,-0.6644532418454869,0.3802327433927683,-0.0406071201457343,-0.3048612530057896,1555.06,0
176658,-0.1103559627329216,-0.146692230903872,0.8161675563850606,0.7729935760540051,-0.0983734298969889,2.164342156075875,-1.8943731894537323,-0.6351167656027572,7277.57,0
179226,-0.4001299530879581,-1.402128259460381,0.4530602081725565,0.2636105347266002,-0.9088932906897936,-1.6487256588444772,-1.2333875197828257,-0.0566898170162281,3451.32,0
15847,-0.6165612408111576,-1.298409598085822,0.3228032355691507,0.6616681018889565,0.8832577262845,2.2220841986600828,0.7320473088897841,0.0686890546623659,20383.25,0
128801,-0.5038534130982836,-0.3422961673927036,0.5990273125980391,0.5131114746475527,-1.0045944645249505,0.8016503956306719,0.0612225617870298,-0.3246960518663854,23347.58,0
55830,-0.7953472165688256,-1.0060245010061226,0.2018392264535249,0.681853422542088,0.0763062233307218,-1.1412103165477856,0.8778596875919863,-0.2455216253155366,23803.4,0
42046,-0.5505688550610324,0.040885495460095,0.2693668297235155,0.7493616780743033,-0.7239889666273591,0.1705816997453091,0.5740760118387412,-0.1430088669213861,23824.61,0
235214,-0.5200507922091658,-1.21298051550423,0.4971623029058055,0.3378145498473516,0.3759100620003992,1.6530701337235787,0.6982964420378149,-0.3162259232382409,15221.14,0
42084,-1.112422949416458,-0.9486585364613204,0.2274028795231703,0.4687639312451844,0.6809825244050876,-0.4735607270006728,0.3268961771128045,-0.2669872446562371,12147.43,0
195965,-0.3543325283594039,-0.3956208836234134,0.5593107460447884,0.56288515604053,0.7510883342539316,0.054228164052383,0.3830045968710017,-0.2342446366984272,22370.62,0
92054,-0.1594426868635107,-0.7430691467573436,0.5965725598333882,0.2529728936986968,0.2411013100826982,2.235014768901725,-0.9551314071471716,0.3101257399865854,16631.38,0
194073,-0.7689666561989258,-2.575197241698973,0.3328775427296111,0.4065579023137172,0.4214147975767527,-0.8023329615791058,-0.1292058136727088,-0.1078902645478214,7738.34,0
157049,-0.4844837475567546,-0.3590381018075806,0.2768320815016168,0.5219302710798324,-0.2744317429228954,0.5227841259627564,-0.777924468005493,-0.1933833349370722,22778.81,0
84408,-0.4629554763880417,-0.2670093843047093,0.4036550072233384,0.4755569922850604,-0.568063957310204,0.8413703575528926,0.5920883037183021,-0.2753175501800082,8956.34,0
202139,-1.013613094480904,-1.603226285772605,0.0398888110637328,0.4619352801352305,-0.5364739377814818,1.5601289246719627,-1.0339570780500922,-0.2036118429888194,22760.63,0
247366,-0.4085225039315645,-0.5215154606366842,0.4611851047634274,0.4780320019498171,-0.808606464234603,0.4061641978093473,-0.4772465432740927,-0.3124532371413344,18827.12,0
51028,-0.5721034521046214,0.042440514097598,0.2475933068650282,0.7741416178466127,-0.7933714794945047,0.1044850864590631,0.5192148677699764,-0.1498987857611377,7046.38,0
145767,-0.2962725022193145,-2.1467100038729177,1.0291960824522652,0.3315159009989187,0.6727363744492566,1.63804392694455,-0.4337915181422275,0.187857313923735,21205.25,0
73364,-0.3067369155946938,-0.3348333633591852,0.4893656813281008,0.4201325389270951,-0.6981789846974725,0.7911937752456781,0.3269571124869923,-0.257076855980725,18875.09,0
56975,-0.2985779601114863,-0.3364403581037425,0.4953239788631509,0.4150931064190395,-0.6783825709398271,0.8070617455472869,0.3436411365291578,-0.254649431335488,14833.28,0
145440,-0.059416284343628,-1.4243225209519934,0.9178254451784856,0.1672096420265862,-0.9270633082038222,-1.1269371131412007,1.3034518934064032,-0.1524325051482574,9916.05,0
226931,-0.0721744762480123,-1.0426843509505148,0.9568806865642884,0.473447540368152,-0.8701293705489102,0.705383687357052,-0.5711449492453461,-0.1021127330600587,21654.26,0
176738,-0.4085106664658757,-1.92794123263373,0.6353889861382287,0.3827368613984338,1.1657523451752654,1.8294735019022452,1.8133260905850788,-0.3679517175132401,23552.89,0
136293,0.1476675482893501,-0.9334025325020288,1.1395885106960066,1.1272624560325804,-0.4825995890074287,-2.5838113819753925,1.807725333888426,-0.1905240933350183,11672.71,0
229681,-2.096261101811309,-0.0624653992836966,0.0342010582461136,0.403898000597973,-0.5871452362358427,-1.4603160221419205,0.2766767730008348,1.101809922833351,20967.01,0
258911,-0.7872855373221417,-1.987351225920461,0.2145198675076622,0.5186037491347919,1.2085807122935377,1.6304174000450802,-0.1353931816213167,-0.0829458279655278,16235.91,0
107422,-0.7321566199810496,-0.8420595162399432,0.1075395304668503,0.6066284862603516,0.3970940020608408,0.8860329946110387,0.5198290558282206,-0.175831268379654,13967.69,0
132370,-0.3803897571143505,-0.3485920465553047,0.4242504206827318,0.4368931641937328,-0.5648624473615549,0.8225513327505092,0.066882292271569,-0.2535571128533104,8166.65,0
114075,-0.2072893545207194,-0.5330614482778413,0.6865740679352567,0.5358368489049208,0.2990703333729302,0.3316074872733589,-0.2464885953714156,-0.1934948734119349,13183.72,0
207087,-0.7621826592094845,-0.875001600321254,0.1803561473149803,0.2750451266917499,-1.021369455902012,-1.1331569375944237,-1.0745452306893233,-0.2460577696618048,16631.95,0
217545,-0.5928710510303274,-0.481217047787799,0.2435651480914664,0.2141031105129082,0.544548704839932,-1.0712156582900372,-0.336190746419821,-0.2555249243245483,4094.01,0
220803,-0.1893455447864916,-1.067866202798211,0.7586009077525094,0.2057379005200409,-0.5548545212831754,-0.8695012578330867,-0.6914587721072357,0.2072273206083932,3999.23,0
262105,-0.5955454739198259,-0.400208318902073,0.2434704739743536,0.2900577059864361,0.718719986562792,0.0262173165162809,-0.2408094192080448,-0.1917218796530945,2628.64,0
247555,-0.1473976693341195,-0.2574998964352751,0.6104581361214771,0.874316111303088,-0.5414718432253144,0.2895580604625066,-1.3138456380382295,-0.0411960856727282,6024.9,0
229698,-0.7204998820289317,-1.157538426151396,0.266241852817061,0.4230457867011846,1.1170539507990145,0.152708738026536,-0.0720543584536334,-0.2726789359884515,21360.06,0
263160,-0.5683771143445318,-1.1918670600486658,0.6153485018156338,0.5742681694255231,1.3804731589882924,1.2788347751406963,1.3632330226184468,-0.3435020579392372,3975.5,0
194311,-0.3558876561292907,-2.977601649615348,0.8630501624191657,0.1180172034790367,-0.8416683614475914,-0.8167700898374486,-1.2660918623362143,-0.0833055749373638,13406.27,0
83850,0.2078869166984799,-0.2042454042203088,0.2614326036723613,0.7519228176803116,0.5924916568292593,0.9354965124918406,-0.4626029577015883,-0.6994681119628542,22656.09,0
249646,0.1116737584846488,0.1309903237378632,1.1820150403962733,0.1586931498281721,-0.3323418050107427,0.0562146551323629,1.977541580582025,-0.4475369874744629,21076.66,0
62628,-0.2608149734040298,0.2676078867767374,0.4184574235006008,0.2326033509065139,-0.3116833718942985,0.7451475054087928,0.4304196718719378,-0.229744896350664,9570.83,0
120370,-0.7623313423248185,-0.6759018629088457,0.188097033337469,0.3836804835422036,-0.5297249008057412,-1.7692710044129252,0.1025867312248076,-0.2920778681369199,14020.79,0
263281,-0.6098101956695429,0.943697476309991,0.3075292257940416,0.6268284512870721,0.9718478004050076,2.802042284585358,1.3225139824175534,-0.3740704729829618,5780.4,0
158607,0.0010762625130769,-1.4275697226974342,0.8015835067444117,0.3030146941543549,-1.2654329899546104,-1.9217229171553307,1.01715970778949,-0.8947059887943216,19164.65,0
263167,-0.5281016109877928,-0.4282412933307871,0.3063718428397984,0.2810991809894586,-0.2829711620698084,-0.0244611149598814,-0.7389526298833817,-0.1872679825826729,2636.76,0
201579,-0.5793412552313325,-1.541600679802012,0.2723873340043372,0.931123294005053,-0.9824092468867393,-1.425317468896875,-1.1096878046479597,-0.1356231792786008,24003.2,0
44770,-0.6007584370512881,-0.3022775661517984,0.2452456065552346,0.6439084916700365,-0.4713939217770941,0.1289963079380068,0.755781886193904,-0.1463673696219857,23777.43,0
105071,-0.3992657318778167,-0.7275963516986979,0.5759001468620595,0.225890482664031,-0.1379374899332519,-0.6705657060312887,1.004909490364182,-0.3684569293067267,15697.35,0
19197,-0.2482138864433522,-0.2202049711987601,0.9791517913202766,0.3797395573670794,0.41794968896326,0.7950930672772496,-0.4003259498099642,-0.0997017451040952,13345.13,0
226902,-0.608567711876545,-0.5064975686311485,0.6321978891083415,0.3849567090650319,-0.3284295416233757,0.145585784014499,-0.1285307861358883,-0.3231424950684379,19411.04,0
212784,-0.4596277679313585,-0.098050302119843,0.6007567689243644,0.3665224976403343,0.2689226416454202,-0.0148983159285472,0.482071793969296,-0.2786833899155859,4425.35,0
64022,-1.0212610107262472,-1.4284382070176007,0.1105680525355762,0.4267428169937761,0.230153144421515,0.1121397335082139,0.4666417045662309,-0.2068732942039349,15906.47,0
99411,-0.4500454345962525,-0.0974353016980886,0.3149622525475403,0.3553089305069941,-0.7976106484254301,0.5385221927410649,0.3650712388774091,-0.2034502530346905,8873.26,0
251949,-0.4588985105952725,-1.41158851298943,0.4182498004694286,0.2125906208540047,0.9962558657899672,-0.1712202867402949,-1.8938365436159528,-0.5223941446744597,14988.36,0
219539,0.5633998103783822,-1.3634118394309749,0.4733343454618146,0.6194068437635231,-0.4775727804154095,-0.4952787815705923,0.2722635773852255,-0.5036189028193934,23970.17,0
129804,-0.3656092672715738,-0.6441105113005896,0.1720091104801631,0.6382058293545817,0.1421101997922633,-0.001520275601566,-0.4418073492937564,-0.4009837330443154,23812.31,0
38662,-0.3751306355002292,-0.1712349852761991,0.4108927265867076,0.2805927245803299,-0.5572474076569484,0.6923139166320249,0.3892803445031426,-0.2004765026209005,3186.31,0
90323,-0.5873261762388394,-0.0615994597994459,0.4064940176822577,0.5294804533245114,-0.2263568468443229,0.3729969327484793,0.6942860012232618,-0.2420178921300313,17704.38,0
194489,-0.3778598791692123,-2.4544654575895977,0.7830692276077669,0.3231530892635646,-0.7084089274581873,-0.8983428642263505,0.5975735808034415,-0.560379120643497,21405.45,0
192920,0.501719987830022,-0.8373767965296272,-0.1264879698658698,1.1282280751998677,1.5701784102074343,-1.637216126697954,-0.5418784272757893,0.1363845834619911,14765.6,0
213542,0.2780015284649803,-2.053841745909053,-0.1658056746120512,0.7460431700034249,-0.6349054745063308,1.6339060227748146,0.6727128076954346,-1.271816084584799,17647.14,0
247323,-0.5364433502368537,-1.992028664176881,0.1828547787970191,0.439626305042874,0.5898940314352321,-0.8537465577690726,-0.538810474440997,0.4187614739682097,17649.77,0
180097,-1.1966985528846752,-1.7382082695975347,-0.1240076297982241,0.7318176156083205,0.4468013529214271,-1.2433431457002144,-1.229992030849623,-0.1135836054132899,16139.12,0
161798,-0.8037303236883699,-0.3319916504896615,0.175681638063326,0.2999153219487656,0.0455181503489293,-0.4281913742599081,-0.5005495704081924,-0.164767831191076,6922.07,0
180590,-0.4199478111488621,0.6951085758419427,0.3033102778753591,0.2203062001794618,0.6067460783600789,0.9466659067910782,-0.5807125018243354,-0.231801986871202,11185.07,0
272295,-0.9289690919571422,-1.4595738942795586,0.1236260940181911,0.5848618072359227,0.1279916896340621,0.155900742061712,-0.4241753630052206,-0.204638836702819,4803.77,0
205623,-0.7012722769415967,-0.768512340800198,0.3319114348208656,0.4182973718618936,-0.0494921841185953,-1.106979794014959,0.2487844391564782,-0.2856001587336085,18686.45,0
63855,0.0176972774252036,-0.114685955070265,0.2629538647895562,0.1576396902564664,0.4242766934068753,2.240882302803428,0.5340318073944972,0.5170922506339132,4610.29,0
259574,-0.588225163175697,-0.4638507741751993,0.243320763170131,0.2255285903674376,0.6286211005390833,-1.0574596331703685,-0.0866457507912353,-0.1893973855787432,17525.19,0
1225,-0.6296643686894008,-0.4102655558114518,0.4485201552119296,0.373095292953645,-0.5526022027363462,1.2241983328313146,0.2324828682748771,-0.3272270448815551,6064.37,0
67578,-0.5958987445776446,0.0269221641711536,0.1743894978956585,0.6298193132136104,0.5919282388725247,0.2689180467210732,0.9061281911821196,-0.122662617427506,5643.49,0
100134,-0.1415044453152966,-0.6842345701116954,0.5900421259984878,0.307380607873628,-0.6265988787737038,0.9492666202816143,-0.5263921976255059,0.1901365595034113,4954.28,0
180429,-0.6276102364604336,-2.402578469584498,0.5426566643417298,0.4861223830228712,0.1185830964867963,1.596005726418282,-0.6468409301289395,-0.1541834400248674,1380.22,0
124545,-0.913975990366151,-0.5794100139050955,0.21058226161356,0.5010081164932775,-0.7641784057143298,-0.04093454026922,-0.5205576485657349,-0.2586226919014522,2912.94,0
16908,-0.8366679246826136,-1.4827823796648774,0.1106568844221819,0.6452004466915456,-0.0635345652731752,0.0088417868869939,0.3683827137891475,-0.1905111633153128,22254.53,0
275522,-0.3709725590279732,-0.1552275160696649,0.6399188787970649,0.279822883486466,0.3806484551941252,-0.7663029261521221,0.743803892469275,-0.2551279571842966,9848.02,0
238683,-0.4873330589375816,-0.4423733349396202,0.4700151771049869,0.3841308500505799,-0.7009083115680849,-0.0364364154483396,-0.632125876980273,-0.3204000112006649,23027.71,0
179987,0.0170433411457542,-0.5955945664925049,0.3499748136632726,1.12764666587977,-0.2558020142498955,1.0634756810355437,1.125137231774871,0.0814995502289318,15315.08,0
126902,-0.4739586580732196,-2.2139780643752376,0.7504326021519205,0.276084780189275,-1.0856507455118836,0.6098704192219855,0.3502583515710185,-0.2831620479957916,18034.83,0
284764,-0.0690812269222291,-0.7771610051870054,0.768652199651437,0.3440692227981629,0.9218851368171392,0.5544195676034305,0.5559090914008248,-0.561722534468265,9075.37,0
183246,-0.8640797892709975,-0.8103381959001899,0.5311445334641864,0.58529772232174,0.8057530117269006,-1.5223243388719625,0.6748770575341281,-0.2366564175190491,15293.34,0
219095,-1.7837663548190523,0.0763094359601313,0.7993089274762233,0.2430322511323963,-1.500241524758252,-0.7454816237045682,-1.0261622804499502,-0.3958791714918726,20437.48,0
84812,-0.9730568915072838,-1.2683627727640516,0.1030729764275535,0.5777396417792116,0.2852827316712321,1.2367748736634996,0.9230224328209632,-0.1067058078229919,7438.29,0
168109,-0.6978509171068782,-0.6748506099024365,0.3270494334848536,0.5522803025259466,-0.0507926445532801,-2.556014018192332,-0.5403482455837803,-0.2350538198586129,22330.87,0
62916,-0.9717314064298632,-1.340124582487031,0.102348157764716,0.6168706391522873,-0.8656062999572096,-0.0183374741651339,0.2380572977661126,-0.1958254779139922,19434.41,0
27283,-0.811694503823202,-0.680852932606512,0.6756298471697672,0.2138332668545976,0.3234067689541341,-0.0237241197642401,-0.2235950943257238,0.0259709689961829,4455.2,0
203636,-0.5495886304258406,-0.7824815743342263,0.6123434988995587,0.4002408331031363,-0.0704811169410442,0.1623246122778947,0.478146190938342,-0.2672679233529176,19888.93,0
76356,-0.3973176455046291,-0.0931643970913618,0.4063175669060978,0.5532550073426643,-0.370945547044488,0.8199448547672794,0.5953237719096522,-0.1736141613250476,20753.07,0
79192,-0.2986484134018825,-0.3034408361881929,0.7661781103200122,0.030058782663175,0.0839631680704752,0.0115722745374666,1.239073100282389,-0.3230900239777334,11115.76,0
196144,-0.4429854950782044,-0.4494609522843034,0.5145932180388054,0.3535036573484549,-0.5769259782046805,0.0566105653812416,-0.5374132457928501,-0.307487670252248,20980.1,0
276121,-0.3361302223020941,-0.6496510947102926,0.4935089027116719,0.2939714428244083,-0.5213239455327812,-0.1005454508227458,-1.8812960247033703,-0.2454077506308736,1315.51,0
41033,-4.290220686717603,0.000628861340529,1.946477609878548,0.6250078460502454,-1.642893398868472,1.945701039524244,-0.8933203437277302,-0.7907171819766821,21249.3,0
137733,-0.516055655025011,-0.3696106595405787,0.6021913130550478,0.4707885306280051,-1.0544592040192655,0.1403373265249899,0.1295691894060862,-0.3267533976751546,8846.38,0
1569,-0.2128168655150361,-0.0274374707917112,1.2425824043631717,0.7059450807954595,0.1375236447482145,-0.1162356099478131,0.3809122550950533,-0.1800770791264743,14694.37,0
36962,-0.5196468069439375,-0.7277942371404604,0.5535376698478874,0.6563308664936522,-0.1698656381277352,0.9408549176287094,-0.6806757481730016,-0.2926104300756451,23483.84,0
123097,-0.4083036516953927,-0.1662043407949976,0.8050224117347204,0.4370775946889573,0.7601883944102783,0.8611273156607095,0.6870009410218197,-0.0738710430425922,20604.4,0
214651,-0.5819945596639112,-2.250624714829625,0.4037698546431469,0.4695137158773305,0.2087743479963006,0.2476994242064897,-0.615977361516489,-0.3526132836928858,2277.8,0
154400,-0.5668643689930571,0.0753531126914211,0.3797296332898722,0.7005435214190167,-1.2329352210114377,-0.3504761999801284,-0.6739085040492588,-0.2223180734913082,14507.8,0
110550,-0.1431064394372677,-0.2102099170387759,0.4253762898381317,0.621592598100946,-0.0856709150347058,0.4188125892709213,-0.5805389335495874,-0.1779207709098504,22191.58,0
17992,-0.6553767985306954,-0.7953395003011359,0.6051288246661793,0.1894534350740137,-1.4555683751142778,-0.8423643793318215,0.5722274373198444,-0.4320779155144475,13766.2,0
235163,-0.7105289069243784,-1.0151834146204135,0.3132746678762985,0.2814514923963147,-1.1591809065659484,-0.2791103042369129,-0.5130737812962878,-0.3119030330770609,15744.28,0
26254,-0.7376565054020433,-0.6607994860319273,0.195755679313363,0.1902092662962991,-0.0059225623725803,-1.5442398386292668,0.3569135880938608,-0.3180572798532911,2602.04,0
217709,-0.437847155280657,-2.5717396133275106,0.196738859363686,0.4858054745763638,2.145430699654878,1.7137747069325404,-0.1843888703080456,0.0576437986774405,20822.57,0
148255,-0.1708832354056846,-0.933179373551145,0.8442204310929723,0.3306003076299251,-0.5191031000472093,0.0049075752814416,-0.8710429782043402,0.0621272245989507,11863.69,0
271224,-0.8307017157915614,-0.7535973162595948,0.1891931421657973,0.528002611613024,-1.7827471976037768,0.8474141882297249,-1.1186484589758494,-0.267808157496365,7924.83,0
163666,-0.7261380505208705,-0.7871359306693844,0.2669931437276928,0.3919544779798519,-0.3222234576671608,0.0753821331872179,-0.6550811539946704,-0.2666322518216293,19287.09,0
127348,-0.6335073570873848,-1.019917938932553,0.3770485920212783,0.3839669725840662,-0.7255088800035638,0.0588609088397971,0.5645743455632382,-0.3570301713326373,1135.76,0
131976,-0.7775281613971137,-0.828454851916337,0.3997024889010908,0.4800360395142885,-0.550789640227498,1.2918059549012708,0.4763025839272685,-0.3457558552820144,5422.64,0
280686,-0.4445245276599615,-0.6940005001507288,0.6688135549251759,0.2836969596062573,0.4871697589077446,-0.7409958456589494,0.5997651854681061,-0.342646816445148,17386.15,0
225767,-0.3802831692229752,-0.4038667222233824,0.5578117437404652,0.5486790470607255,0.6866355449144058,-0.2522218970672816,0.3896510804427787,-0.2403865872495991,10027.19,0
74878,-0.2665175946166397,-0.7177969283211018,0.5374794929512486,0.3307652428629517,-0.5329134720281035,-1.842139930766284,-0.1806340893882305,-0.2189997970816852,16506.4,0
136698,-1.059566495367834,-1.2624201483022577,0.2983511462326754,0.618386994560099,-0.654339985827544,0.8197076332212176,0.3259768278289294,-0.2549734579636317,14968.09,0
57433,-0.2544803931052998,-0.65562355200574,0.5102925248846479,0.1575634894764978,0.5601511985273466,-0.5704345132929244,-0.2341857594717754,-0.0917142501989968,23262.35,0
56101,-0.9470683733970064,-0.883705873556566,0.0771800662803407,0.2534819367961353,0.3539303847519879,0.9969392492506476,0.062489913440185,-0.3667386202815759,2855.03,0
224948,-0.1704004957490847,-1.0029880731031449,0.8054003006085569,0.3083367997332862,-0.218527038246726,-0.6875432475488022,-1.307535206362566,0.0447732317868996,20979.28,0
145074,-0.2986765309174211,-1.5595077783774505,0.7102051655388322,0.5080420729883784,-0.8313830122824335,1.29243101044356,-0.5098785670331366,-0.7162371194909477,7556.31,0
67700,-0.1179213819659336,-0.1052125099981256,0.554046872012177,2.357083384206605,0.0460021776426072,-2.1374787689637937,0.7680545519386237,-0.1129558132887647,4976.5,0
279619,-0.2220809319777658,-0.6432635501087383,0.7160316307859206,0.4063168703136663,-0.2874697806410431,0.0861107742448773,-1.4214896065192482,-0.0795314370884582,11985.59,0
156498,-0.2280451750487309,-0.773889721714186,0.548691105857156,0.4607345191555374,-0.4593266279226132,-0.9062008613385822,0.2747460575632694,-0.3380530285942525,1509.09,0
92769,-0.581227397901915,-0.4154664447495156,0.2910351641064934,0.5684267843617403,0.0021096854430387,0.5455224085484578,0.4598004389965215,-0.2813719495986295,8446.87,0
284684,-0.2455425090749848,-0.797550247956148,0.6798006070087547,0.9856015762514678,-0.5731846035605778,-0.1812787002551545,0.2692622422641573,-0.4103358155837883,17145.44,0
46136,-0.6775093103097758,-0.0240420490951994,0.382675903070228,0.5039970365514757,0.5958720394979327,0.1992184994099993,-0.5047202708417993,-0.0925704109915736,1769.64,0
151464,-0.1125170704702493,-0.8323548448616116,0.7062993747702997,0.6521838972597118,-0.7055170149532576,1.3540029422026991,0.2515331129968614,-0.0070657122452194,14369.82,0
228578,-0.4881968753361184,-2.6929426364320346,1.0890640744138127,0.5733431993402366,0.6272483556783862,0.1788490078964717,1.5341713936405892,-0.2008077416535182,9017.8,0
202381,-0.4764002439747323,-0.5858426417303101,0.5910379421505791,0.3030330292348805,0.2548272946024387,0.4929688713684435,0.546690587346283,-0.3860200372837333,4026.68,0
34555,-0.2738248289625987,-0.3844491847149524,0.3215135693162544,0.7253565866181095,0.6550135014087547,-2.160930779852477,-0.1106366254151138,0.288785045379214,20410.71,0
92608,-0.6769803363005078,-0.9764267893936808,0.2892516484114064,0.4633091718929306,0.7620690229120659,1.25822003389241,0.8460285143483197,-0.2519288701557917,19119.17,0
239148,-0.1855766762338126,-0.8613828720708884,0.5684539750484928,0.6305277301490951,0.4881831577655365,1.29379603601243,-0.4531610567183652,-0.1714741230739881,19395.69,0
183730,-0.2756547710966986,-1.6835817343786563,0.4211723523840344,0.2442117262512055,-1.125170042038713,-0.877634758330075,0.1731792037626187,-0.4140988170340454,5071.71,0
172334,-0.5546537915753108,-0.4820859263584883,0.4882336916447182,0.3573451503256041,-0.709092800081835,0.9847829369353264,-0.3799157157050425,-0.3433351017291385,1723.43,0
220066,-0.3310951082428886,0.8377549562138364,0.2168035113332507,0.4250741976245295,1.1156173234286155,1.5328541374896196,-0.6965245142566163,0.2512600847314416,4781.52,0
74157,-0.4132621448182389,-0.65377069445125,0.3185675481653856,0.1817542245821586,-0.2037244319411537,2.230675544571773,1.3518380345487695,-0.2197296162908277,13926.73,0
52389,-0.3002229258462632,-0.2701449882806853,0.495190588108302,0.6722281921915779,0.2977109126794943,-0.4533220644136248,-0.6980674165336843,-0.1085260262816833,14333.83,0
274689,-0.575797664553779,-0.5912327494382482,0.4435269795421533,0.1143005964121826,0.2743838927282176,-0.5191292848820738,0.0559795213218012,-0.3313353737246998,8966.89,0
156454,-0.282171279294105,0.6894728092915853,0.2941350226745505,0.3781411847573492,-0.6519719280516099,-0.249157173082887,-1.0165054248499652,-0.2516123949015275,18245.93,0
146247,-0.2259838553254982,-0.9716025613068792,0.748324045592209,0.2861682923408915,-0.5676509922517068,0.0736888844838811,-1.0161249052945645,0.0370163044737577,6885.54,0
266124,-0.4484820765139898,-0.7483647807840006,0.6833481970532815,0.2462148509462978,0.4493282451383021,0.7009872291012836,0.699516374012103,-0.3504658100913659,9124.52,0
247025,-0.4634809914254417,-0.4010338042187403,0.5468150284461982,0.6782077033174161,-0.91059928276303,1.1925504785425802,-0.5451983264105786,-0.3221984792566093,7374.11,0
189959,-0.8057016311010154,-2.4174030859741418,0.1464861484467585,0.476541887566547,-0.0527314200177437,0.0771740836194181,0.509561980386349,-0.166103017929193,1389.38,0
247909,1.738653846427379,-1.6252407024538678,-0.5314012539656181,0.8186202439045769,0.3570812894521804,-2.4468474434098395,1.439027540528687,1.3953805999022282,10243.87,0
199022,-1.164095211947637,-0.6720818672434756,-0.0531850335119916,0.61993339113878,-0.0026447349364725,1.5922891130692105,1.0416358049448706,0.7850353883448553,23996.14,0
216093,0.0538000401830287,-0.2181899323056624,0.3449831908299785,0.7260381929360167,-1.332529544640273,1.3163942055629685,0.6829735612613599,0.0045971659156585,21801.53,0
153157,-0.4109718498107146,-0.5378179577624179,0.6392856455990632,0.559768491510316,0.3519431875377153,0.1170960117532286,0.4602484857952814,-0.3773386683441873,14656.94,0
186032,-0.3837213451998569,-0.1610508493005883,0.7068357386490364,0.3322366240439885,0.2435850083465847,1.374376039696365,0.6341308366135124,-0.2916172714175488,13788.18,0
226864,-0.1153829759320228,0.3684970553374107,0.7326206566202663,0.1035115492364928,0.9133245527675488,0.1200835468341259,-0.8332176319860324,-0.6327342234265318,22114.82,0
259529,-0.3915455507393721,-0.2978165866882666,0.471838231951752,0.9616791147006052,0.235094973136124,-0.0908173354690144,0.0694738022442662,-0.2757024828830895,18173.97,0
209526,-0.2082891541518442,-0.5889955009854949,0.6788417854278685,1.6761061328165128,0.3634818895425326,-1.870689246919483,-1.1495869209873673,-0.3636744524411959,16256.8,0
168904,-0.5022920617101643,-1.9962325046066904,-0.0330293926967831,0.3413884619539749,1.0288362875997297,0.5984162121573965,1.4800976043656446,-0.1715304772146765,19304.89,0
188592,-0.7804832859816416,-0.5177286107088558,0.0787191181415606,0.155234540558292,0.6673983542891428,-0.526135912863048,-1.0430468535156516,-0.2568095139709342,21852.76,0
61853,-0.1706942025440509,-0.1036072014042561,0.7474234527606706,0.6058295379880901,0.4357618586980537,0.2705026426430581,-0.9882734914573288,-0.1401407544467168,157.32,0
117573,-0.4167982378406238,-1.9130299466204872,0.5120892639759748,0.7951836696477333,1.4732472632138491,-2.0923168653968336,-1.542612655279518,0.3806872357101802,14820.4,0
167309,-0.9329132914432148,-0.3295423978729136,0.4253156562963548,0.4092156579477287,-0.7630254511834826,-0.0634482977662424,0.0643317245226408,-0.256432798105315,4932.46,0
235212,-0.4083076941657452,-0.4548555522157543,0.4821363766812346,0.6043319991060615,-0.9287396227636866,0.7661060981481989,-0.4975315701335244,-0.3133233618911643,17738.42,0
61481,0.2181529608874156,-2.3668258832769324,0.2730429236865475,0.1887194489863742,-0.4565582359796776,2.276150055622221,-0.0102766636113038,-1.0733645616320877,6632.58,0
121489,-0.6808610096204315,-1.670426473695465,0.1572703671399194,0.2837811994230883,-1.347075610533505,2.217173764541897,0.2841829460045454,-0.3019892930651556,15582.06,0
69834,-0.7682981859589832,-0.5665726407678232,0.1966739613540275,0.6146900247997115,-0.1839331230969692,-0.338333542471877,-0.2350874534456077,-0.2692223500760095,2182.67,0
31758,-2.307374349920281,-0.4436484653784763,0.4485741159859084,0.7862153155506492,-0.2306403322412141,0.616300931848722,-0.3666691694422758,-0.395155490879258,410.94,0
176502,-0.0456273385733142,-0.8594376017571286,0.7601102152331733,0.4215959916212883,0.4070571699392372,0.1281129687490972,1.221391118084009,-0.7027406015148938,15104.16,0
139646,-0.6008373988183915,-0.7063751271862643,0.1559558070905135,0.3625870309215672,-0.3873810599782795,2.383095580521242,1.0753968872062394,-0.2345239585691225,11504.66,0
168016,-1.125642492742819,-2.053526519799032,-0.0276198775159775,0.8848464917351961,-0.8076995530137048,1.4643831979997155,-0.2933924850703413,-0.1885435272224024,8868.92,0
257883,-0.640371839898686,-1.2722383982859076,1.1824820544895769,0.3678520069632791,-0.6290706378344307,0.0912433770109091,-0.6469619089682742,-0.3930423834791015,801.55,0
221833,-0.7343364369254312,-1.64845136975937,0.5688065553910473,0.4527810208290275,1.4377066074943397,0.2588823874731851,-1.0515387622381365,-0.0702147738191297,19693.33,0
78475,-0.2566914178906788,-0.1927833435129837,0.4772678043505751,0.6499125126596229,0.0568812112504606,-0.6972443090537178,0.9922609410282136,-0.1851368692589658,3131.34,0
199510,-0.5960875453805253,-0.3450882704134572,0.5223268295004508,0.2907131639708371,1.0642173027288124,0.3167661926657528,0.1869488497900893,-0.1230199180576211,9104.72,0
26476,-0.665381858863702,-1.2222227192646815,0.3291329466948172,0.2048279319428606,-2.036364824115601,-2.2897003457067107,-0.066555288071513,-0.3336190676060198,7388.95,0
232704,-0.4664561901112738,-0.4638747071652105,1.0120219380705713,0.7900094514410166,1.0143148793269707,1.7578500464728402,-0.7463869817957728,-0.099239615568205,13343.98,0
161997,-0.967093639672722,-2.634815191982649,0.3879754033183818,0.2830749573205483,0.2059801575517981,0.8018118962118023,-0.5281460372063616,-0.7285250537355207,10065.12,0
176374,-0.2598457839635278,-0.9107481615165828,0.7315494216878403,0.306016325313255,-0.51807166941356,1.1712043277195534,0.4062418678280411,-0.3575276372442399,18100.92,0
138224,-0.6790124357485443,-0.1614340895917767,0.1833175852807592,0.7850562314182289,0.3787398398433024,-1.6289438821327498,-0.1078742277912441,-0.1092190957364163,8985.21,0
5823,-0.0915513774422455,0.1689314018364265,0.7728360255049291,0.9869261730865544,-0.2217964295025401,1.2025640511542242,0.2553911172916674,-0.3088714569582238,23723.89,0
91636,-0.289983674795182,-1.2968573185053731,0.4471405303911362,0.3930445142959686,-0.0536867482090481,0.2278178345828992,0.0227066430569789,0.0330182685217701,18801.24,0
68072,-1.0437067719796065,-0.941031150425748,0.094341263381391,0.3751233321201409,0.7675304561870852,-0.5458398995404624,0.3728743613574714,-0.2304144045945651,11079.11,0
232021,-0.633895424530121,-0.6022895539981583,0.3810414749352608,0.5196559805790537,0.2878970196851679,-1.532239539015898,-0.0519235358023592,-0.2163625243998136,6449.71,0
47763,-0.2517205030572607,-0.689631012378547,0.4912480049995699,0.2361687875954826,-0.1029550823582735,2.206128613369077,-0.3090223765796804,-0.2318662539501286,4240.83,0
99112,-0.5089232763693331,-1.6280163993825274,0.2357937195718101,0.7244480993485797,-0.5266081905603835,-0.5911993361967379,-0.7526228909417383,0.1117378150673518,3640.26,0
88724,-0.6891837887517761,-1.3511725973359563,0.1855947594718727,0.2612700961540549,-1.329166397329428,2.144388413013225,0.425772093605174,-0.2656389795363759,13666.82,0
185345,-0.065895924148659,-0.0051042635698156,0.4982524989046343,1.794194391065444,0.511001778925191,-0.5306924282307621,1.5346316718382684,0.2596908431932249,9885.05,0
51193,-0.5839637810651871,-0.9580427404361904,0.3812660293041828,0.5629985652585937,0.3274132300888683,0.9292696661816362,1.0477331460145674,-0.2593164597811146,3693.12,0
218488,-0.3589979615802745,-0.4949059621963873,0.6700129223948066,0.6554973856081664,0.2232775115464964,1.361866066259793,0.3357703699756655,-0.3717416404315802,10878.92,0
155221,-0.5068077490050888,-0.3073015608666087,0.2621839446899546,0.6144570913314261,-0.2605862223101688,1.6042123570821925,-0.9364755825705372,-0.2004172166887751,12566.19,0
96180,-0.8764421216299159,-0.5935161942263816,0.0120135684613129,0.8113854216443539,-0.6131798658344502,1.658425839711843,0.025165615289225,-0.2150723966672704,23977.9,0
263935,-0.3191160238083819,-0.691508164285157,0.6451733468894215,1.2806250834673325,0.3009501024700679,-1.1633965858641755,-1.130222065268078,-0.2665477148206052,12109.93,0
187136,-1.0979939281305957,-0.4119291032201826,0.1036136147078471,0.1931672716295114,0.4183307022365283,-0.0537140117242125,1.3872377033674688,-0.263154603559538,4581.72,0
88667,-0.0338282052812687,0.4672733661080099,0.5438935650415506,1.373386609822708,0.2830686767951509,0.0714500595005374,-0.3965393601119276,-0.1815001361939922,14706.08,0
51058,-1.9524781223692365,-1.1444113525051212,0.5690411985142709,0.4906367290318994,-0.3105663515303035,2.474122714915774,0.9423352352208676,-0.4365910546866073,644.45,0
114543,-0.2510639754625329,-0.4757375511484727,0.4929553717605068,0.4487450015459801,-0.5740147403576324,-0.6101665853350917,-0.2743769460410468,-0.2030440667752319,4487.81,0
958,-0.2654095419746718,0.4856211737637275,0.2371225647579194,0.5979873389344356,1.0343242208359642,1.3500229573503255,0.0896561716951559,-0.2157568785690082,20159.84,0
147514,-0.7678148403834821,-0.5847933434732447,0.17747516381913,0.5078509250187104,0.9621512593932302,-1.723786877492455,-0.2323165318782433,-0.1779747011486704,18961.34,0
208194,-0.396375886083983,-0.6010129990537857,0.7261479347546952,0.3655598788082199,0.4036178330416738,0.1202324784280221,0.4873470430924207,-0.32165797738563,14130.36,0
264226,-0.5477872676093916,-0.4318952774388063,0.371354656926456,0.5473892052089242,-0.2003496885536143,1.4551212117138423,-0.5728628967531088,-0.3115505580770458,21167.73,0
93490,-0.5629093700605288,-1.2003453293656086,0.4072310417855196,0.3421568402641922,0.3865815939008259,-1.2804820312355516,1.526105251511308,-0.2720779987057067,4080.31,0
241107,-0.7555044721640078,-0.9147174938628164,0.3206624455213617,0.5977931963781553,1.274727252796366,-1.2042893953507596,-0.9736799861349456,-0.1626009458171069,20714.33,0
99772,0.0736404918022461,0.3048244621704778,0.4277191882881447,0.3329829716878109,0.1095026725606105,0.0820694067811401,-0.7393025391830919,0.1088750466293563,8604.3,0
149387,-0.4107688286636389,-1.911695664290839,0.2155441892411796,0.6640437765359889,0.8651844779217166,1.2318102770801105,0.118354899391553,0.0077179938904365,10110.61,0
237955,-0.7395589059919743,-1.0566244340011457,0.24445270802603,0.2947687997092867,-0.5759153929076475,1.3758969476511358,-1.1378641069843234,-0.3086070041762596,12247.42,0
95397,-1.233059509322575,-1.5706190388075405,0.166210140174038,0.8052266515132284,-0.8284435677001154,0.1518395816112324,0.0549126927716516,-0.1980344742119006,9109.47,0
138784,-0.4557147625369191,-0.4172614658499649,0.271619401576628,0.2865798379298621,-0.0558353007418324,0.0863371169576664,0.0122368850922752,-0.2302836756952281,1615.18,0
264737,-0.3762767846855244,-0.389822497862722,0.5240540524051617,0.6412711084167784,0.6611490885574887,-0.1355167167744277,0.2942379384312213,-0.2375890051954719,20085.03,0
244182,-0.5202609140590352,-0.7761607166524249,0.6296121446492203,0.4931191520540492,-0.0561881029741823,0.5717239560671803,-0.7939534617761868,-0.1587236881557008,3161.24,0
41064,-0.8564719542849012,-0.3473230243950207,0.0070646526498377,0.8512702025638179,0.5422239016796285,1.5123594961777245,-0.0055054492472478,-0.2246516738140804,13352.46,0
87276,-0.3489662073879521,0.3537782617856187,0.2680972055416389,0.3436997915285013,-0.0516528074894901,1.5631244313341868,0.3521811349847144,-0.1856974461299497,21904.37,0
232481,0.0755230361021562,0.7822070627109838,0.4439868040972424,0.4457651955673143,-0.2603162009755268,-0.244137593630894,-1.3863424620230755,-0.4616882972358003,8218.97,0
86287,0.05879083678799,0.0106884525230036,0.5236831174510731,1.2964972390880098,0.1734783147338475,0.0037162714452924,0.3705021633775331,-1.0375523340020574,18063.98,0
482,-0.2902054064723335,-1.3220063444350836,0.7509754134581739,0.259011691522547,0.2053983647570672,-0.6491671374447867,-2.0768580093878524,-0.2533232472939439,8778.49,0
279140,-0.1325155523978752,-0.4383426196088931,1.0302875523368544,0.3865712535245669,0.341576838388729,-0.0617515629795495,0.1605465540806019,-0.3276404939416197,20152.77,0
68756,-0.792607433128417,-1.3534712022618451,0.2654330079680928,0.8739023162690575,-0.9106244280449428,0.6899528715849961,0.2333215964602612,-0.2258866821307922,12462.6,0
113922,-0.0398805016057191,-0.61055261913575,0.6589261593654107,0.367659985400353,-0.4839057921391373,1.5098631559660738,-0.4680245451835349,-0.4082020322940039,18530.93,0
220764,-0.9803853717893732,-2.345120406417637,0.1603841812292917,0.2536753653814547,0.8416270210387042,0.3031343860700549,-1.6618402876698213,-0.1144119317657579,15023.94,0
204607,-0.5339664861391034,-0.4331723482341936,0.6162912892908065,0.3161673988394218,-0.216404160511055,-1.2343746172334762,0.651976015122197,-0.2486869916452737,9686.01,0
281610,0.1310361210830387,-1.2397219028585815,1.0530191781156772,0.1474704693005608,1.3269944582495994,1.5651328790776708,-0.9187334833733412,0.7357722876819975,13718.62,0
29913,-0.5968179036197004,-0.064446639000371,0.2307796214849756,0.5759382578368063,-1.034053658224802,-2.1771077843851794,0.8109843011185758,-0.1553306087505019,21258.04,0
51334,-0.1370772550768106,0.2677441001567867,0.8018250742527455,0.4155557218215278,-0.0666783165988817,0.1299552560067579,-1.2056194809547305,-0.5345229157354396,15956.32,0
188451,-0.5760470696670569,-0.4114045150436407,0.2576765471497749,0.2698020051736307,0.7663658623072475,-0.0961774528475467,-0.1805592904451087,-0.1860149653083679,13598.65,0
200636,-0.520185887142628,-0.5250873791857555,0.4235775414457796,0.2656983165909324,-0.7245896724556035,-0.7596568297749302,-0.6035720290114467,-0.3327424094676872,6984.64,0
108284,-0.2010512065388908,-0.0650167593998315,0.7848069661501333,0.5675847736484048,0.1814241123456322,1.1122664233552837,-0.0658329213530475,0.0165642980664891,21632.95,0
48542,-0.5442959799982999,-0.1179504441291886,0.2389514964122671,0.4171291694928768,0.4809549557122345,0.1939531643067125,0.560462794458727,-0.1574443959121825,6728.81,0
62599,-0.0929009461921721,-0.0371543263461217,-0.131243132612693,0.7837699657693578,1.1003907469341527,-0.4439026912746592,-0.3343075599590937,-0.1243504291014696,16879.88,0
238642,-0.1989297132147396,-1.0838120009958288,0.8643570322988883,0.2188300472131265,-0.5510228053550804,-0.7402826290207032,-0.8603915622205701,-0.0090901438076972,18512.16,0
150565,-0.5456033615607007,-0.3510612917699183,0.2362147455287237,0.5357724659435688,0.7971982247003646,2.539708984609628,-0.4790265227863557,-0.2917971850323115,15858.52,0
48022,-0.1375921353128966,-2.226845943506706,0.3776651830709447,0.1347124596147755,-0.5139787406498582,2.2960044062998937,-0.2289842831864653,-0.0126582005168643,12636.18,0
276854,-0.5084497428602281,-0.6117790230255438,0.7931728201652549,0.5966842253858854,-0.3725650115511441,-0.01128906180602,0.955070314246441,-0.2806252293680419,14763.34,0
11344,0.2254041885386231,0.1675094359935141,0.4376596391353708,2.6950962901567244,-0.4298917383536035,0.6764900775362049,-0.7141674284694964,-0.031288828130875,14069.36,0
281690,-0.4547575212142318,0.3413272567076268,0.0952659679387894,0.1633508834358411,0.427746201894339,1.4649343256395846,-0.4012342425213352,-0.1960191111858227,19953.85,0
198920,-0.6576314384354686,-1.158366926505316,0.4692443078832312,0.5288399498165937,1.0266064958431118,0.1429440899442602,0.5084306144997328,-0.3347946667239784,16250.58,0
257046,-0.4803985291449335,-0.4109728697333888,0.7211825329998353,0.4476326653176741,0.4615577395828202,0.0543678097740084,0.7338790357275001,-0.3116304103698251,2406.68,0
136176,-0.0086966241701524,-0.5799755702130065,0.577660215227509,0.4914915098149731,-0.6244317362747333,0.7339593928075533,-0.2759297241899363,-0.0942085653694895,20993.52,0
105913,0.3394036942465528,-0.7096932304009098,0.170812179394643,0.549039100503735,-0.7598178840731254,-0.1133111379087513,0.1287271363267317,-0.0420672621618477,16805.27,0
92284,-0.0053008450225908,-0.2705861311141881,0.601834875902595,0.5381922430137077,0.0778227070235278,-0.0409669649255942,-0.0762654473552586,-0.1225622405798696,8724.59,0
50383,-0.4856500590172994,-0.2050184547422558,0.2608226703676157,0.1276599601817612,0.4276135170610918,-1.31328366132603,1.0107416315151612,-0.1671635025677438,991.62,0
47719,-0.4553873535287543,-0.2132904415041726,0.4184177135921513,0.3541451729428738,0.1038494574530265,-0.0094471490445396,0.7462043848883096,-0.2331667915815784,8732.09,0
278098,-0.4505142385991675,-0.504725868380956,0.7971027629170397,0.491085772101793,0.1424158581604949,1.485342454618302,-0.2172009938851712,-0.0351984218906174,16231.92,0
164496,-0.522810289609527,-0.1521545716680842,0.2570093906392043,0.1671919989322513,-0.3821380376416211,-0.7784601017630818,-0.7027789826260654,-0.1829350277171191,12461.26,0
198333,-1.0271954439851452,-2.1962847871756863,0.9661871485993438,0.3650431372471591,-0.2110480010502468,1.1977060757098688,-0.4330597150714799,-1.2720063468554743,3379.95,0
135717,-0.7881304673009288,-0.4899928353082253,0.1849493506679446,0.9715137548512328,0.2939675262156464,-0.351940486498006,-1.1741747844089712,-0.1937137738849396,11133.02,0
225557,-1.1860632976849113,-1.3749557814648237,0.127905490404061,0.6258330354347109,0.0128978250405458,-0.012551119597341,-0.652292331251689,-0.2377229124875872,21973.85,0
164602,-0.0298446967570051,-0.6860539037670658,0.6839002522893262,0.6755523323485425,0.934049714738451,-0.2507379938798453,-0.6791512895446618,-0.5233202785246689,2737.06,0
5690,-0.0536286089702127,0.504421738506648,0.2437761189191459,1.036235534363222,0.447542691342237,-0.1020007644729489,-1.0811976872857223,-0.4528720694508888,22100.38,0
230527,0.3728048721996759,-1.0804436750686828,0.3674238661024686,0.346645638837077,1.2758786542413316,1.5960412009396217,-0.7714545881772914,0.0727063122265576,11734.2,0
91686,-0.6114468794742562,-1.155514162347388,0.2479806148603885,0.3266357153752434,-0.3711429917951577,-0.8443215161813377,0.4780987916443037,-0.2262475892660603,14481.26,0
155155,-0.2595226415191992,-0.8962428386558597,0.499463628188781,0.6894824934561139,-0.1622531970211441,-2.689727170471818,0.0721530694687159,-0.2832632920027042,3766.47,0
121671,-0.1120770743106912,-0.3622248363676426,0.4933630977665856,0.4276947873461688,-0.8201971621591112,-1.34565657983098,0.2935252750809676,-0.5643258158342468,22503.76,0
253403,-0.4951400803588345,-0.1830124548973183,0.4557767417138507,0.2322669519913455,0.7251133733965519,1.4303122599886815,0.2654559590359733,-0.2636954896319887,20663.36,0
225664,0.2631727722459157,-0.198278978856553,0.508057514451545,1.188922896949608,0.0336597419896264,1.3137856930908929,1.8954394033960889,-1.073687450645316,13467.45,0
271590,-0.4628422871622177,-0.549295108830191,0.3362980766823389,0.4685015883034827,-0.570929491229348,-1.3300596007778065,-0.6391076537641048,-0.2014199023939162,13848.72,0
222771,-2.297644624899909,-1.8535437406991948,0.1042673505791922,0.2999180138748253,0.4660634606423837,1.7507506152335346,1.5053277466051849,0.7314985340721069,15642.45,0
88843,-0.1845196188147439,-0.1687202135018108,0.6037760680567776,0.5952891842052611,-0.1056950265968721,-1.30563936163412,0.2753023430624343,-0.077627559396138,11975.13,0
133755,-1.7597239031923135,-0.6415757442768264,0.5449100350925418,0.4354431123652932,-1.2928709630882758,0.53017766619667,-0.9400273839307176,-0.4407928009146025,12550.17,0
205442,-0.7829085761808907,-1.0751409798305818,0.3553033812809045,0.1859462279602281,-0.0350495582627428,-0.5067008195397648,0.0180016322446699,-0.3370511883673867,1203.16,0
196967,-0.2657278633454178,-0.8234378270874338,1.302399958628564,0.270063016589301,1.951132688279887,-0.516007500030985,-1.8237353499928424,-0.0731169584214851,2679.16,0
281831,0.0334770199573697,-0.2139712945179352,0.9093489365797104,0.558214891177359,0.6283571794572286,0.0679033325708766,0.0346849976905805,0.1428681585666033,5115.46,0
64898,-0.5367333155127062,-1.088198045248372,0.4336684349339649,0.4619713783121476,0.319724999330643,-0.6488342479343546,1.4939916861018536,-0.2671371483165268,19928.17,0
43465,-0.461850563036392,-0.442895072778428,0.3176654025559537,0.7698390740101859,-0.3594287269716799,-1.645508945831729,-0.308377516749036,-0.1986471903663801,11662.28,0
62768,-0.1344907356837046,-0.7364570617861907,0.6655129357590204,0.2225126551567655,-0.5276590728580086,-0.0071364965947955,-0.3729964290046971,0.0740492103664727,2171.76,0
161101,-0.4232209699359084,-2.0802204960995336,0.4151264043689738,0.3795519911492887,0.9989293315284016,-1.1072070925718696,-0.6879492473032371,-0.2990141890686592,7325.16,0
145056,-0.5218782031488471,-2.239247847823872,0.3554416025352729,0.2104189142919959,1.2222299635569966,1.3881026143065185,-1.7230302496970122,-0.3225537692385988,19902.16,0
47611,-0.1303923239648392,0.2450511323032619,0.5671627069892258,0.3954696724993232,-0.2657994075698611,1.074618587456638,-1.0940040514844154,-0.0506538636106897,5089.88,0
25894,-0.2583166262487852,-0.1675043978520402,0.4499032357768379,0.9335015077769938,0.1599427166970284,-0.7172495630929827,0.7701285309351332,-0.1635461356395783,8598.09,0
9096,-0.2107291805039492,-1.176522475005333,0.6605622241072959,0.6066852272274952,-0.2354983142165178,0.7718226360561616,-0.8235887790822518,0.0389429383315563,19619.54,0
177037,-1.0235840453567548,-0.9739868443002307,0.3529011173716666,0.2661293223624277,-0.6583137405971253,1.030183862344982,-1.1928501992291345,-0.3531592826623746,1121.65,0
217379,-1.9957232402319385,-0.3543935533284021,0.1014676714970599,0.4636496188701776,-0.023920522034655,-0.6147659953323614,-0.9708497859166751,-0.2336382582392884,3509.06,0
237440,-0.7812986767227296,-0.4754614940978731,0.0349927106578977,0.5217716698572425,0.5240816804278148,-2.542273188347694,-0.8207096429453525,-0.0978248947772059,21124.78,0
272961,-0.4199302074412879,-1.983830292727785,0.2899021197056867,0.3598371025134697,0.7435059054779544,-1.063718067570266,0.4412732830845037,-0.1284434962515843,10063.82,0
173922,-0.3269113731560511,-2.042085480596709,0.7382165369420454,0.4573351927635585,2.0356114614049794,-0.7238564948788802,-1.671812356672857,0.2267314615612119,22598.96,0
58402,-0.154472504538312,0.5094230270718558,0.152661422835646,0.6929277099006718,0.9963490109879348,0.2898403212302001,-0.6770438009354359,-0.3424461389922107,22429.86,0
257674,-0.4520525764434821,-0.4590851028378796,0.5073959775140341,0.3290878138901671,-0.6510493318792205,-0.1488586127734562,-0.5064315396307129,-0.3144200021536699,22870.45,0
107690,-1.0310506759297104,-0.8528346006818506,0.3992142256729689,0.542769142745863,-0.7073892918824572,-0.4433620767198867,0.2994767624422815,-0.3691981659520434,11998.47,0
115908,-0.0678945254491992,0.348732779640386,0.3898845985582931,0.6472556067248525,0.3942534562332216,1.3128865586478324,-1.1142372491732218,-0.383576663454006,16172.2,0
194637,-0.4563251041221015,-0.888050619677948,0.0708332304154277,0.6732686682542229,0.6294829853847738,-2.144968773237817,-1.3577893488399166,-0.2601178231625851,19413.9,0
234863,-0.5642244708388345,-1.5858089720063822,0.3413054703058697,0.3849957319728858,0.4270526042143557,0.0182497228190029,-2.115416328860017,-0.0983433233346558,1670.69,0
224600,-0.366038094907168,-0.6750772274122833,3.556585423572643,0.3104562816348551,1.9763825682437188,1.935955441149189,-1.4675184127241714,1.252833985792606,7130.37,0
218199,-0.4700018794616784,-0.5605812399325631,0.4804228219603972,0.1841042101664238,0.8198474882379555,-0.7808101922285173,0.4049446867194439,-0.2663550640036105,9460.5,0
269299,-0.138413932285086,-0.8318676897761431,0.6417353422386276,0.3302423886402967,-0.4030769555437586,-0.0433789716522159,0.49604090220768,0.1102862801892297,14081.91,0
157893,-1.3510918986897746,-0.1781944206862523,0.5364839821294967,0.468607352093529,0.2664833421447038,0.0794826010715277,-0.6057616151028823,-0.3399889672654842,7249.38,0
32791,-0.4841493440895493,-0.6705104240495695,0.5013993924636633,0.336754679423786,-0.0521438127207472,0.2773371797277792,0.864573730667427,-0.3538590931156211,12989.26,0
81776,-0.136541275356201,-0.7355872082946294,0.6647891425978864,0.2225257825046971,-0.5279576956326804,-0.007295160638371,-0.3722782890116151,0.0735769801300164,16119.53,0
256574,0.1060242166496957,-2.335245256849892,1.1397815686099086,0.1862323704996934,0.7172436005539273,1.5767714924894085,-0.0867493187077954,-0.0864761704843046,7562.58,0
134578,-0.1257464791625736,-0.5127474936246774,0.7238252111828891,0.6038374924815791,-0.0244372913925916,0.4100952247698495,1.0672767481907273,-0.1972794402696115,17480.19,0
8118,-0.4562131193291678,-0.6210501891724118,0.2665834066738008,0.3541043910813457,0.0153760001383736,-0.7972444770141556,0.4134679598606723,-0.3399402227255492,9167.66,0
212739,-0.6393876865366604,-0.8696514907901826,0.4001747304598613,0.450674748465963,0.2972891027992339,1.821525279827899,-0.0318529036410339,-0.3488931463387086,2813.07,0
269858,-0.1755891853563622,-0.9984560575999576,0.5331331190357608,0.1908465626079813,-0.4056651699726784,-1.9573466502500247,0.6731892503687108,0.1897748337888038,21664.58,0
26770,-0.6942917388569313,-0.5622550712339537,0.189286606401402,0.5168412394406952,-0.2965464369508496,0.1768065521575637,-0.1080086918499777,-0.2795467323658072,18981.12,0
185304,-0.6043842574149406,-1.75962173084524,0.706502291068677,0.5657685513463971,0.209687743358666,0.0925930058771836,1.3982179605733178,-0.0466358746165333,2330.03,0
267190,0.2247351839780673,-1.1137500607179311,0.7868817070831072,0.2433109271440138,1.1763129722858392,1.123924890304778,-0.6745218799921705,0.8891858157586717,5530.95,0
156222,-0.5083687835854451,-0.4590165894768478,0.2668252015740129,0.3773433242867545,-0.5091348264648317,-1.3812690703057833,-0.5491431574540475,-0.2031800653042401,22482.47,0
252967,0.7299982073269757,-0.9976325924623364,-0.3585232010801778,0.8011122385362349,0.5627108652008118,0.0335805135393042,0.8041036526148396,-0.1251298627715029,5359.59,0
241509,-1.7353489753227676,-1.1500242160232854,0.4853955595393256,0.700418379473889,0.2188739234406058,0.3273507417779764,-0.0381919585529119,-0.38707595578357,4244.7,0
32847,-1.367673498648554,-0.5898092806138407,0.0278861555562533,0.910218473320914,1.0137126343739904,0.3428431176954694,0.3688933671669919,-0.1851649264657963,11761.14,0
180899,-1.4235461021683664,-0.762023415908603,1.1419473232903048,0.5118133227677075,1.2007961258583673,-2.3933695503305783,2.9939381665739715,-0.2702700119915115,4872.27,0
98587,-0.7636838723324579,-0.9121311213080304,0.1382233867719866,0.6023129648247392,1.1555591432719658,0.9558568649754644,0.4009246087654185,-0.186662774228004,8049.2,0
5580,-0.6406876273614519,-0.3368051962638099,0.4142693100111227,0.5218224218037082,0.107060852017611,0.5290658024778241,0.7944877921987151,-0.2786698731068699,14121.65,0
23992,-0.7841846415830106,-2.243168190927199,0.2492491560364545,0.62663752506243,-1.0187532326176063,0.7825542520511255,0.6618372610783099,-0.1051362766579251,5121.04,0
226460,-0.6006940103712921,-0.3420875860792051,0.1909949318427556,0.6981868770716115,0.8815456130127871,1.5317747551272587,-0.138735056670357,-0.2428351008927627,17292.85,0
6124,-0.1099094658868056,-0.5307436524649269,0.627748517523206,0.704969216840796,-0.562024309807787,0.6674867706159692,-0.594416606487997,-0.4983811434565528,16802.14,0
225120,0.2736570950459309,0.9773927634511854,0.7657937223639929,1.8537852229438831,0.2849144430755276,-0.3057089421789812,-0.7796568063792462,-0.0753669547619933,20899.17,0
18126,-0.6519649836949354,-0.6028882599005114,0.1577559183363183,0.6181822470388756,-0.1514850966207083,-0.3576183963547606,-0.1871239765832971,-0.249290223098173,23365.53,0
176478,-0.6277390961476256,-1.0983536057548309,0.5496669429126417,0.5834455538152937,0.99479248269659,0.1543547683018717,0.6414988223029754,-0.3253669415100722,2839.65,0
96575,-0.0205019916527785,-0.2490273824313685,0.6371225804330857,0.3934450133581105,0.6708835706153901,1.1708293738323523,-1.253555370247292,0.1394253662876158,11417.06,0
267211,-0.6177621468723058,-0.9721623418132592,0.3056241086584739,0.3575576671842717,-0.6533007931665086,1.5480643999274963,-0.3601446927733747,-0.3063030586017236,3865.71,0
211511,-0.034272506270803,-1.0591677418667118,0.5476743622558138,0.5917723605962641,-0.5076646571316625,-0.2138239735717855,-0.3991901857351068,-0.6658765663566049,17323.09,0
111546,-0.0369856563272137,0.0330829641791244,0.0531391312976255,1.015488156518894,0.0599632171572843,0.2377693794944227,-0.7185122605969574,-0.1073925170425678,1241.14,0
157356,-0.4217947959129725,-0.5544558282650683,0.4314691600796599,0.3744719809228761,0.7727329752361911,0.4377347272867049,0.5229485508586345,-0.260043691871538,2242.24,0
35291,-0.7506594603497797,-0.3528440943294779,0.4468125072269212,0.2901492794681587,-0.8339204611065948,-0.8073591078605766,0.394779060967157,-0.3236729636073012,527.92,0
71476,-0.3175015949800666,0.283706907605034,0.3377583108153227,0.3307321925357281,0.4967566054684757,0.8451833844407253,0.4374556074535842,-0.2051585942538619,1586.67,0
83329,-0.5930048565681156,-0.5288016366626451,0.2418618296612858,0.5888274641477078,0.3832146822440276,1.0827375192234012,0.2601219568514446,-0.2786686585065553,6905.87,0
129352,-0.178329402545205,-1.393870597894658,0.6547116720618259,0.1893595968030781,-0.0164809581828822,1.2672761344671488,-0.680173818544703,0.076010751828212,3696.41,0
187740,-0.0418387643069461,-0.750483201818154,0.8843064383418067,0.641050127947364,0.966962508734663,-0.0270647564882381,-0.6691439164242716,0.5060703861422202,1211.0,0
1300,-0.796975283556679,0.0258104796890941,0.8024150297762901,0.3976119568630926,-0.1473575002422999,0.9622489056523036,1.1009229975605008,-0.3138725379618841,4974.57,0
10188,-0.33176591777454,0.4006923542395775,0.3429713807378937,1.2239620292530633,-0.1460959106799857,-0.7211927426840291,0.5587408804516941,-0.2274854928466039,6360.6,0
231947,-0.36895857675827,-0.7717651777269319,0.712313912080327,0.372411196430954,0.4999096275717576,0.0311960485135727,-0.493068544481063,-0.2488555790652983,14181.66,0
53318,-0.0802518391158978,-0.6137351691412142,0.6880536353026292,0.3334200502585764,-0.660337517388284,0.3971664504949638,-0.0340872319459786,-0.9678952957650152,9928.7,0
46603,-0.9234640560614298,-2.181636372687419,0.130212597994292,0.4819155075927911,-1.4225203637430073,2.060130564772191,0.5314608285866146,-0.2392786164348387,23326.24,0
121941,-0.788329646570563,-1.0814851161353465,0.1141584595727611,0.3330658034795746,-0.7168521424870863,2.421604511329215,0.3432519715105021,-0.2942542166857564,23631.97,0
139943,-0.5065817459529027,-0.1420948644037065,0.3545358024189767,0.4483483528096821,-0.4852205903592945,-0.0283257345879378,0.4670211368183236,-0.1979377322714899,4496.48,0
204850,-0.594479999807177,-3.0182019521029124,0.6735305507549619,0.4118785715249883,-0.1989611329756022,0.7561053443466297,0.4044082585155971,-1.333046476911089,1611.61,0
150852,-0.3236103361478292,-0.0502849755323578,0.7471565161131668,0.5605702033977223,0.2950793942349665,-0.1333467987699298,0.7757344783251667,-0.3217670183507676,6722.58,0
24379,-0.3349056680334079,-0.799380379289313,0.3711067166345997,0.552077643404013,-0.6154787184681263,2.0184468523787515,1.147534396070635,-0.2739800661454145,5464.49,0
16932,-0.2080998957842088,-0.3173329014869522,0.4862303380830763,0.316151320720433,-0.4175934814047926,-0.8051104395515236,-0.9872304772395402,0.0347772793459611,835.66,0
173810,-0.4028891862545683,-1.7358316984408757,0.6024250323469914,0.466876368487112,1.3679940060156377,-0.0276789114794609,-0.1834627064807235,-0.1929563607642717,2817.55,0
53071,-0.9368467798151096,-0.9864784709172244,0.4674659880839802,0.2718778113118359,-1.9499469526745397,-0.9270018271578038,-0.3410369524776717,-0.3762776112116098,21097.54,0
125265,-0.0270969700920557,-0.5893169085225246,0.7222077891762746,0.4705449811101839,-0.5809256774282412,1.4465985155294911,-0.3029481726872067,0.1985164050447314,20676.95,0
7467,-0.7927668621775902,-1.2666197563237704,0.0829969128343854,0.7676993732295959,0.4887127002492763,0.02336499242107,0.7356631368907588,0.2720464147546789,21091.17,0
85558,0.0662686284034748,-0.6776868073586737,0.7471869476899435,0.4201862585771651,-0.6550689486821244,0.6744586115616955,-0.2576431500144599,-0.5184300925124685,19246.38,0
31273,-0.2118804318910565,-1.412971189526856,0.7296377923201847,0.1690770939953192,-0.0186371891518337,1.246287666382499,-0.7394249126930712,-0.1269199549523699,1364.91,0
163388,0.0532169585541182,-0.8861063327949046,0.8301281690538095,0.2880501385558924,1.3904032465274163,0.2632992760579364,-1.1005855244632026,0.1394569555665198,17525.07,0
271611,-0.4833849588319788,-0.4790054920632794,0.4810754841428431,0.7813316425585932,-0.364312877587004,1.4344011155279386,-0.2026810557134408,-0.2614675935856441,3970.19,0
275762,0.4648440648802055,-0.3099468818641135,-0.2276486988935592,1.0386435224755464,-1.8435481528980573,-0.259881515627444,1.1209104564205397,-0.9724684778099748,12468.91,0
263267,-0.5464346510784918,-0.357362480250834,0.4261171193136681,0.3086439600590915,0.0234658706938477,0.1936621964080314,-0.4147342222510943,-0.2896915518754625,16858.27,0
263998,-0.4938530592727146,-0.5991171000553595,0.6836750214543845,0.2105098104598765,0.340904534492621,-2.1447357388004638,1.0508908821253495,-0.317583345008307,15362.62,0
221774,-0.4957508813624726,-0.4795007517562358,0.4447628192276122,0.301398229815767,-0.5964677581857999,0.1481835198549713,-0.6637378340295106,-0.32646661729084,6058.82,0
196733,-0.5217574699391982,-0.3811193750218106,0.3974656590126218,0.3010058993034846,-0.0263561710340761,-0.1354945429763672,-0.3897448360966161,-0.286401367900587,14220.18,0
175826,-0.6531701527136823,-0.9437860189999596,0.2958339403339498,0.9047346599656932,-0.8627785986140489,-0.1386873383961936,-0.91118059745346,-0.2328826978115319,9105.58,0
16455,-0.0126503926500208,-0.6418769990878557,0.697225108615445,0.4471843294841453,-0.719647214621714,0.659063777105262,-0.1913268201833877,0.3305121245082855,2754.41,0
222330,-0.0816959641742925,-0.7648686759951203,1.090678494892395,0.5574355708186856,1.429947034978001,1.8304520315256585,-0.2222443695742769,-0.5402970909831842,19801.76,0
193678,-0.6174803132457843,-0.468216570861386,0.2146522933220091,0.2686685681365068,0.5660478859810796,1.007745415385135,-0.1906691294311478,-0.2024792319500705,16072.0,0
243943,-0.0549612621658237,-0.7898759057452485,0.8885022297566427,0.8678983414722704,0.4423605624661141,-0.0869395946377236,-0.3181420541819635,0.2384372796509205,5000.9,0
96757,-0.540518799602707,-1.638766539242301,0.2666820560090839,0.4792236388218409,0.8994588812046648,0.1423084193671775,0.457261083901387,-1.0699871371235807,19586.82,0
206341,-0.4978567155199958,-0.4135220035710042,0.547499157923366,0.3722932985383609,-0.4979665109741668,0.1916248452295821,-0.3877981658095185,-0.3242278406013901,15912.16,0
239309,-0.0978637727577856,-0.9389778375497736,0.8527986700343603,0.5226318042502007,-0.7410736120486622,0.8370534973566701,-0.6594310320372423,0.034854503664969,22844.33,0
74446,-0.7491707574465704,-0.4718790068813113,0.0297276774532302,0.5607858063086925,0.0824845345162621,-0.9740986155648064,0.260386581193552,-0.2263323985963349,8698.22,0
198297,-0.0488857296053308,-1.0861247625806827,0.7652957621750739,0.4168380486795177,-0.7703722276204475,0.2109390288913393,-0.5367728716751689,0.3039101978554511,5650.36,0
231335,-0.0692970310229951,-0.8742460421763563,1.2005609351535829,0.7709719707411206,0.132759664026209,2.593123880947903,2.276524922773368,-0.16131927292155,3731.58,0
221132,-0.2819745299042182,-1.130761978526352,0.593429292587612,0.4516591868316622,-0.6189684429386564,-0.9768080830261804,-0.4660182510529437,-0.1179313285524055,20651.21,0
148832,-0.6054669748548177,0.0080709901586369,0.3089221756714783,0.5949584692761938,0.5725337067240732,1.1677033043909817,0.1836878534378322,-0.2442355177124496,20453.29,0
10214,-0.3341102136471771,-0.2482000213845872,0.388177561420157,0.7622770934918375,-1.0461632135273022,0.4978873040236828,0.12832395971135,-0.3075559580955913,285.28,0
236505,-0.2241593374410225,-0.7925624277099839,0.4708772850044819,0.5425159000288804,0.688995884738997,-0.0955475350904723,-0.1883429789168175,0.2134774900590176,2812.96,0
186878,0.2451342454979287,0.4142357536027015,1.0598263591033454,1.0284718682892442,-0.7920153783114732,0.7191217332272066,-1.6501633327613583,-0.26543195830849,22599.74,0
278177,-0.5295931031724174,-0.4200045302559265,1.092709355359818,0.3542562039142745,0.9475680912593298,1.6414917112111598,2.143244687775551,-0.4627707808500904,78.91,0
32874,-0.5734583618274107,-0.4134873752516962,0.1680738414232372,0.2288572968436074,-0.3397565127525803,-1.395702699285393,0.4383848702396865,-0.2380378900036242,20506.96,0
56270,-0.1606470590259528,0.0080595374862076,0.7587102628985279,0.450511185942504,-0.5577766652455732,0.7633919808941072,0.4675716671558723,-0.4282604513929013,14160.92,0
62229,-0.8589660181287414,-1.4453658142659844,0.0973311519850056,0.6960479370012179,-0.0927492811749164,0.3662660787371098,0.2742983352688063,-0.1966682639944698,933.37,0
171908,0.1461500179159972,0.9157887656983767,0.8073365828588916,1.457477688831838,-0.8581945762308031,-0.5520575630865726,-1.2424014910095915,-0.067331283568583,23733.44,0
111111,-0.5645734915111789,-0.297158015755896,-0.0349835966224381,0.3851276641800395,-0.0451981960098054,1.2220546417881477,-0.1704695644103279,-0.9327916970517708,1361.78,0
234273,-0.6628438387537932,-1.3663379148673156,0.4239302229247348,0.5064762336725066,0.6074518192491262,0.0215459632234641,0.3876285918301962,-0.2405452188292269,18785.5,0
132514,-0.2142444591508706,-1.0635669006873023,0.8318594146387958,0.3819054766277281,-0.0669188788311914,0.954224329710704,0.2544623565679737,-0.4501204069489659,1519.63,0
8392,-0.6699534812669575,-1.0237639315868263,0.6427120598163084,0.4821947574502163,-0.2466145533477036,0.11865746396909,-0.6342838127209706,-0.2720056395397078,9192.74,0
126506,-0.7669885437873534,-0.9741256028722332,0.2902974645316515,0.333325671821871,0.3059838254444513,1.2190454222736862,0.5836833293436432,-0.1631578475468454,21373.98,0
105138,-0.0277135798043378,-0.6398281323634448,0.6431104634155637,0.4694706684960483,-0.7996481348391792,0.5996493826776413,-0.2708458573570431,0.3222491564658546,17623.92,0
203173,-0.4306271765791556,-0.4677347323107667,0.5449522303761127,0.2927708836972527,0.9017172644613344,0.1288819035430061,0.3789776536806245,-0.251075702152271,21323.82,0
30098,-0.0411150851168178,-0.0452064999384939,0.7364201062210038,0.6186600146789517,0.0707513173082684,0.8074859229837771,0.7017631163691237,-0.3098946549596273,10410.05,0
149983,0.1312706822068746,0.8933456976559117,0.5696570840979737,1.6477850178736928,-1.226007646349113,-2.3748666545349706,-1.1768026579260478,0.0773933097379711,13772.64,0
256659,-0.5730336743478829,-0.5267368174089189,0.2801224940929563,0.2817813172193891,-0.6794903911740063,1.5572901546068894,-1.0673752920695645,-0.29012372615549,19970.01,0
37758,-0.7437381563655232,-0.8571417107486019,0.2395757243323995,0.8422810567494988,-0.0037007198047031,0.2116152060434156,0.6397868296976543,-0.2205910265644194,21054.54,0
59926,-0.4924066628025701,-0.3472806869569455,0.1804446775471158,0.3668311874819179,0.882468388043906,1.455241295889902,0.0213505936951041,-0.196927050374715,12405.45,0
151048,-0.4866601940078778,-0.4231427436823178,0.3719217364511294,1.0110640579774637,-0.5247306530039785,-1.6848106779615228,-0.9823658474301654,-0.2903764683286297,9011.2,0
20016,-0.5966455890145087,-0.2560743023276862,0.3212053184948375,0.3745409842896687,0.5222576324783716,2.2987977503447903,0.3425400766533159,-0.2487164714015484,22870.02,0
12946,-0.161495947547787,-0.2394708491972102,0.5513094190047938,0.6294353261683621,0.4572172370695135,0.7941447409933831,0.2503224548430661,-0.3023034110883664,1671.29,0
28451,-0.7728492914695446,-0.8495107576090034,0.2322150992490259,0.6318763396329727,-0.8906728471668829,0.5112199694638646,-0.0466365599773217,-0.2933921874955036,17342.69,0
264400,-0.3860031940666634,-0.5045227003646148,0.4686126336376155,0.493409951879309,0.7009029990426996,1.5042086630146914,0.0277472167297781,-0.3086247903599801,16837.74,0
136825,-0.4595333412574973,-0.3066512462199397,0.2645586414062661,0.6522968239335042,-0.4008722484648334,-0.7307998606492723,0.5891379108966243,0.0896429888531307,9934.75,0
28933,-0.1513457103172923,-0.6674118411560499,0.6471509565449659,0.2829305671876987,-0.4875623177610281,1.059388920798266,-0.5174270362980495,0.0684871078267093,21675.53,0
156919,-1.1060937064662455,-1.4282478438434996,0.1483947245152809,0.4883192879942687,0.1753664422991026,1.5804665715573998,-0.7663982600895063,-0.3498629060459282,18296.0,0
126477,-0.348766176307632,-0.057044151779875,0.4717673777921561,0.5622793537440519,0.0143683387270007,0.9317649596952332,0.999985122409904,-0.1847510806119877,14915.01,0
270697,-0.4607102146233204,-0.5394974232276009,0.6020740281801497,0.3522142959740639,-0.2180551560885144,1.474253818893683,-0.0772418282944749,-0.3447294832324955,22093.87,0
138957,-0.7216282252468482,-0.4453047776328576,0.306178857258535,0.4632216339807526,-0.0925117204500468,2.322181312639859,-0.0595203455104378,-0.3027604403854886,11805.32,0
126487,-0.338647492101329,-0.4323764500079635,0.4419129428204188,0.4207502744300206,-0.7656974109079945,-1.3180762405471436,0.3654390225325337,-0.2428381866702215,9456.77,0
75803,1.080585921126077,-0.6174549934771861,-0.9716339606079206,1.2037001043522493,-4.110162460482963,0.5636657038481973,-1.3546676580286536,-0.0145905354125984,397.8,0
21182,-0.6765386045410614,-1.8887124989203512,0.1667308217446701,0.3963111749795177,0.6631865155313154,-0.7554993991187635,-0.1963949676860269,-0.1228494007447703,5493.94,0
184782,-1.0655214136131503,-1.4165218504874382,0.1333724634990618,0.6737533370685804,0.1976939734473203,-0.0286097121020664,-0.3644836210596265,-0.2411907352012544,15885.06,0
232589,-0.4093742431221615,-0.2178697030670279,0.4058824389535747,0.2591948029577763,0.8376117789317519,-0.5840449449299928,0.0319461814130006,0.1095242674157057,2568.16,0
254684,-0.7747890673665985,-0.9882801224914384,0.1490284751271116,0.8760016449984168,0.7363701996110108,-0.8510986056005757,-0.376537979207091,-0.2190012344454236,15066.64,0
84044,-0.8343118920636216,0.5191027948375425,-0.9555057259987976,0.6589334205304264,-1.9127764677293175,1.056189447869277,-1.6488097726046989,0.5095319748918488,16416.22,0
17024,-0.4686244715925142,-1.0707356361879654,0.2260198867087912,0.9015275159652284,0.4477338883540367,1.6269994632175786,0.017596388067667,-0.9719476256195648,10486.92,0
88912,-0.3132771401963485,-0.8795989926994445,0.909949231547269,0.3248947612354289,-0.011345707663275,0.896868961053694,-0.6486336695883999,-1.227883562433946,17684.48,0
182022,-0.8734400834890372,-1.1378950503022158,1.0839883664274246,0.4633378762060111,0.6140670844983617,-1.6589025733085505,2.52086411568667,-0.5427359698446318,4481.29,0
125239,-0.0784814702878016,-0.1304968247435155,0.5369381877334374,0.6482471050704323,0.1520572927889094,-0.7367819652541782,-0.0286766405630903,0.1334591163411705,21846.95,0
204235,-0.4253635265896419,-0.3972501391151825,0.5025124446024836,0.5935552749723334,0.5201157919081763,-0.3543503003453997,0.2756030155129649,-0.2547748748160368,1538.64,0
101821,-0.4553398662783228,-1.522788778684702,0.0725334414348853,0.7307387110458338,0.8570091364127245,-0.409794540439064,0.7692553086673348,0.0406550748258464,22757.92,0
238933,-0.2491323595966436,-1.0218463890548923,0.9865945792594372,0.2569128860049212,0.2365351170540426,0.6021846664085061,0.2408579701630308,-0.2629043526113823,12935.37,0
5204,-0.1113205518806292,0.2119642391479787,1.267280688467708,0.72745702073715,0.2681802076078728,0.942774506953214,-0.4294115559668278,-0.611514110675377,210.84,0
98284,-0.5033554669320194,-0.2904154233580462,0.4245151259427586,0.4419364177005642,-0.6815174577317067,0.9091041575132692,0.4033557640893417,-0.2773570499263914,2930.82,0
123316,-0.360653408092032,-0.0794104460220261,0.4870933497411032,0.510751879490301,-0.0203769243124935,0.2787116296139726,1.0868607793577152,-0.1861534926627459,463.8,0
212850,-0.8578553045644249,-1.1518548123631562,0.137749077117283,0.3909696869764073,-0.0843620003359575,1.6232282260829964,-0.9081950248589014,-0.2423552831222244,17223.98,0
282527,-0.8831252418676336,-1.8184497268219448,0.1406613874735036,0.447508821709791,0.8072481012011222,1.6238955015346774,0.0523777074258678,-0.2612775276245009,6097.99,0
69336,-0.385119478154594,-1.6657329741800764,0.4782631641486689,0.3817271213061036,0.4818124216561047,1.2039526937548843,0.8422774198459437,-0.2907642936545458,11738.2,0
137104,-0.6696872260145749,-0.6492321087298872,0.4138724871939536,0.3871544694105265,-0.2561436028490478,0.5995867145761141,-0.0928800185999959,-0.3538522575205835,268.48,0
1944,-0.0278873214922184,-1.047256745636279,0.591155316451935,0.3308309652570743,-0.3769599761122539,1.135470453718771,-0.3218497171522996,-0.5873704432214208,17656.09,0
64945,-0.2112177833122887,-0.6092562121788117,0.8773777397187124,0.4178911222677244,-0.2026317017769314,0.8480670812273976,-0.512476346691076,-0.3980119281967818,14178.98,0
226243,-0.0909475757285646,-0.4294005427476301,0.9732420770795264,0.3901083941765833,0.6238535577759956,1.2299533482176144,0.778378922532598,-0.2731631852969233,14064.18,0
232642,-1.1550735424888263,-1.3957085866552716,0.1300862008652297,0.6060136361128359,0.039878792752464,-0.1242280607370913,-0.6072445168414229,-0.231651687181819,14818.21,0
188100,-0.3148328605721328,-0.5354546729830394,0.7416390103659836,0.5136911580463668,1.3630606002734134,0.2258656643016827,-0.778109382574443,-0.4048707328075037,1806.14,0
260526,-0.6482036425372758,-1.854994513065444,0.1783434776781207,0.6435814943517822,1.2092545529493672,0.0763677889283117,-1.286572576710293,-0.1750461017418854,17609.58,0
272619,0.1492912472769172,-0.9245550684279226,0.3767391110424406,0.6845280230483732,-0.7031026967389,1.407648240470533,-0.6480324753510752,-0.4316559045001245,6120.2,0
256287,-0.7315058162939407,-0.6369960895593243,0.4866987662208923,0.6031103707839341,-0.7809756411295274,1.094939715004677,0.5230971841768622,-0.2690699433902412,5642.16,0
20589,-0.2642087574876149,-0.8334459641090264,0.39098601877029,0.6391842618997893,0.0068908364948751,0.1628477599516372,-0.5017023567905934,-0.0012860476700121,9932.92,0
58887,-0.7056234145053714,0.0434761279228837,0.122206741160461,0.5886936292126501,0.4737445840483295,0.5828842754695396,0.5773070827732582,-0.1144097433041642,23660.46,0
242086,-0.3962815136893133,-0.4740643170726672,0.4735756818222066,0.5335329114413669,-0.7104808106501254,1.4710190800965453,-0.5603128097084905,-0.3093058103894198,3742.51,0
278763,0.2734038696719415,-1.276296469933402,1.0039260139704618,0.2401934136841066,-0.5603065042791943,-0.1816062338518087,-0.4320242650812442,-0.9367870741984846,10544.07,0
92534,0.0597790183264252,-1.6633520748058943,0.7298317474947015,0.1093222588700531,-0.3829612429686772,-0.6983543207645952,0.0617598662374895,-0.1347202216315337,17926.69,0
180825,-0.6450795616092263,-2.6830268102020725,0.2266849700528693,0.6288224115619386,0.8261898469346485,1.6289313041418314,-0.8254213996499563,-0.6617264288734557,6892.78,0
170809,-0.3966352523433323,-0.3980638248509974,0.5737070974829714,0.5445081382688798,0.6929495993932995,-0.2400763703553068,0.3889535229061732,-0.2431913247404109,14929.34,0
88420,-2.052655378611206,0.1285167208269895,-0.2863962140552231,0.4680977847317041,-0.0651818606295122,0.1414231647500001,0.1405623341274682,-0.4729875075109975,8789.21,0
280356,-0.5601676191420083,-1.0224886351930946,0.4180568500006982,0.4773639182681857,0.7105015713320216,0.0797851591430987,-0.7648966446823736,0.263467913883614,18730.88,0
36812,0.1098484581696852,-0.2557222528727207,0.3997043222506751,0.899833339571421,0.3633392754194346,-0.6880231124012939,-0.4428941562870795,-0.1330613616308465,18684.71,0
189857,-0.5127060723356222,-0.5762268927580448,0.7534067470336482,0.426796211381206,0.4348931034840437,2.5344530546135697,0.4748223621753484,-0.3588641251968348,19429.42,0
144764,-0.4719248810458577,-0.149058887743119,0.2989158257250018,0.9812243581337742,-0.1098822959436175,-1.1410599055298425,0.1311128016506939,-0.1159922375821565,14326.29,0
115137,-0.3644035897245166,-0.2940003041606787,0.4484029958610843,0.4995047436972121,-0.7932992343494826,1.3863591738955074,0.1326626745307284,-0.2743237554777609,7077.95,0
182052,-3.950303576766151,0.302304676416349,1.068714346625,0.0928419457767613,-0.4097306709939957,1.0777859216846974,-3.1413782538911765,-0.0662058239059906,18481.96,0
17955,-0.3687117852139556,0.1119021228136494,0.2270611016828629,0.3992922430721097,-0.0125501362708457,1.667205045870007,0.4671013127969241,-0.2606806548579647,13789.7,0
126882,-0.3119962290628501,-0.6133836969700805,0.4681324184871912,0.2665131600697924,0.2209328408990209,-0.5360684573074813,0.6104646191178474,-0.3259940079252785,22740.75,0
150761,-0.280230419938544,-0.0607782976405899,0.7812710854882909,0.5697227861115266,0.4637172735270448,2.53763870139368,0.8182780485276274,-0.3132463114821283,11869.58,0
84704,-0.3718749991778701,-1.6367630085625735,0.8055035174900821,0.4152791668494172,0.9413169570977584,0.9837067137769034,-0.5169070736602196,-0.268166053147701,21341.67,0
95736,0.4295771322433794,0.2652676851649676,0.019325739636483,0.8226316097056509,0.0953778555187064,-0.5484055787987352,-0.0752474157478135,-1.7457161546096618,5030.02,0
79448,-0.3836418126768275,-1.528386937283175,0.4448574554244833,0.5289313299322643,1.1806932774178354,1.6653588537469506,-0.0793548919199815,-0.2995986323510013,1989.17,0
64559,0.2460924809050137,-0.90815649335388,1.118883742022438,0.2672781010774578,-0.5837066651164411,0.7005801996085878,0.1923763784674059,-0.2440040967965191,20708.95,0
124311,-0.6313719381079299,-0.9302508525169172,0.2697848114048766,0.4280325680524874,-1.237085913315808,-0.683008099612151,0.3088330132116006,-0.2742406912875786,22167.93,0
66171,-0.1940375571731025,-0.5210677135624074,0.6774049093372925,0.2401316241968192,0.0898599717856669,0.126031369307902,1.5112357982581106,-0.7204211053175374,18794.78,0
149008,-0.2341480332192229,-1.4027856542525872,0.6178868962247528,0.8210854631465954,-0.986312364408158,1.1275305034319154,-0.7193821914135441,-0.0483557002633113,11454.26,0
137802,-0.1591836472243667,-0.5554028384233901,0.5646432890439748,0.6542070451098191,-0.6025769590537683,0.1239433783403866,0.3232565907619592,-0.0930964988057549,8260.67,0
91189,-0.7948634529094416,-0.8374247070407885,0.4631666885869674,0.7846672396785453,0.6709311443152424,1.4291605116020427,0.9173622308530291,-0.2874653816665856,1298.34,0
181490,-0.7371195336388133,-1.2435740484735809,0.28374258531247,0.4778895894763149,-0.0225020643242667,0.5610245619324833,-0.1327694158911772,-0.2984757900982085,7662.82,0
217888,0.1505088016495122,-1.1569786092986951,1.0293714402995715,0.4717584221084035,-0.8499858388359984,1.3035801809685088,1.3744682312207466,0.2372482129283552,22997.93,0
171605,-0.4308527760560207,-0.3789960331824607,0.5598332377659787,0.6251812310980345,0.6412788595082595,-0.2450982387243053,0.2909912719211889,-0.2478729535435876,13005.14,0
180516,-0.2815636876166597,-0.9880738619919476,0.9165823516716588,0.25478249574739,-0.2721081540995331,-1.3069363632581292,-0.9589135065593026,-0.0750102300194759,12733.22,0
151165,-0.4261817691010251,0.930893553737904,0.8247516298694819,0.7209287055310589,0.7598174522972525,-0.1913658042587518,-0.749355407686702,-1.6985512854111748,23400.3,0
34759,0.0075671217014899,-0.3274997539382119,0.2970679993605796,1.6214284706845008,-0.3517423198820886,1.4568415375632937,-0.1512788343782438,-1.0628802357271925,22295.42,0
132623,-0.3987865771942893,-0.073677334671038,0.4536650329297256,0.5409144268884205,-0.1303669204879548,0.200927869971722,0.9997955623267776,-0.1978812932829912,21192.13,0
70386,-0.3956121126122963,-0.3946257843774319,0.5620195660084428,0.7881848842277838,0.5288034935961057,-2.195623397065582,-0.8237773027006154,-0.0064753454981729,20896.46,0
103409,-0.0998072034242902,-0.7198949611916291,0.4988013456434749,0.4657064184729867,-0.2664197024645516,-0.516772160278522,-0.6107010717063073,-0.0468237048859572,21095.12,0
65134,-0.8034406968437682,-1.6785922717372006,0.1317475923498093,0.4542586719002525,-0.1397304110283867,-1.837976064136384,0.7227091234298425,-0.1801466500322499,11569.33,0
215206,-0.484204641382543,-0.5542439067096242,0.4515484973110604,0.2036756457526354,0.8842675379429146,-0.7453248975254827,0.3258209395116019,-0.2603322686281294,4658.65,0
244749,-1.3990647971847374,-0.3427367199289323,0.105345140206665,0.1320134595563956,1.0739683366941926,1.3789330359198435,-2.791370212920264,0.1076370791127244,17187.78,0
253681,-0.9062242873673796,-2.577339425503583,0.1947322635506559,0.4099565168571385,-0.8307094744281524,-0.7799205443335596,-0.6691749580779809,-0.2241395185780194,16948.55,0
106611,-0.199368904990968,-0.7856103485169094,0.8299029251973609,0.2844599847690696,-0.2099312542744643,0.7816345534576301,-2.0072608866925994,-0.2001649382366778,21176.88,0
66713,-0.1990024430759722,-0.2743831464288866,0.6349079079342109,1.0142853806048695,0.953593909540892,-1.0280251886851552,-1.027224718613606,-0.8747875456361618,3359.53,0
181981,-0.2054988277427683,-1.0199063691291208,0.7941328969242931,0.2815250661196355,-0.7225821720488184,-1.258293468365811,-0.7983361070736892,0.0503123578694587,5665.83,0
89694,-0.5802149898040403,-2.0816489296523537,0.3370912316388612,0.5680661912705615,-0.0904933434154986,0.6511031642885826,-1.0159796846335765,-0.0504511628473306,23069.05,0
143275,-0.3661504606401434,-0.7984662665298063,0.4869104726929996,0.4062355174154288,-0.0065000488015509,-0.4676956247240958,-1.372011359099531,-0.3400901717107045,7427.38,0
18546,-2.2592461722063755,-1.3075373031327286,2.7530791500062515,0.2513029565822005,-1.502147874014789,3.5588406202090104,-1.546152103829851,5.368140679860704,4181.95,0
18724,-0.5081698174607268,-0.2584798972826755,0.3836190023979055,0.4663768438281599,-0.7644944125025321,0.804889990213633,0.3698418238221728,-0.2745554740181303,22956.24,0
33515,-0.2763399876943472,0.2549310125173151,0.4412849771834727,0.3357133362237883,-0.1972590437621873,0.1074571161333262,0.4705736776855643,-0.2322043803599029,12819.43,0
27473,-0.4597855604533157,-1.0934524694017982,0.493342680231693,0.5812194801587515,1.6332929436725692,0.5987520720117787,-0.855721432907216,-0.1901213806834905,18552.31,0
81454,-0.4790185409685148,-0.2872685736719815,0.365080202355469,0.5499818942621585,-0.6050696194165873,0.207069133392605,0.3059502168313621,-0.2451464299857677,20006.37,0
116280,-0.1404157851577371,-0.129433971103705,0.6408473257800744,0.7119626470718963,0.2574366936011458,1.2786162816783997,-0.4694695087722036,0.1301921138957759,18486.53,0
96807,-0.2502745936740437,-0.114339203900757,0.8399344339036889,0.5698992828759849,-0.1556254292550646,0.6931143634887719,-0.8347910871688987,-0.0916969676081646,14502.89,0
236788,-0.1307308307369498,-0.6869956875160594,0.9349214173850292,0.5786688757277151,1.0190178355947723,0.0360715616513348,-0.522276896294991,0.2236199436697001,6191.53,0
76861,-0.9590067914675118,-1.005613467045932,0.245962638960808,0.4781360025449344,1.124804008996334,0.0755685766474086,-0.1994324291763313,-0.1720871527124613,13914.12,0
30585,-0.3680696092702286,-0.8078205951382781,0.5983699727729842,0.6701243760546551,0.0078688690068523,-3.253617614515176,-0.3747415929289402,0.1802468020961688,2569.23,0
260153,-0.1662713707501487,-0.9852262193371082,0.6406652791044103,0.566134006021945,-0.4955181761408165,-0.2056236354317,-1.054236066320556,0.1901413408895832,14474.75,0
238863,-0.4890430196281904,-0.4861887208553277,0.4406122062039653,0.8315290808331617,-0.4100527467287819,1.2332049475042317,-0.2690781428476262,-0.261028038247949,20786.9,0
200883,-0.1090412964623977,-0.3312020582788874,0.626930792041819,0.3195181699057553,-0.4086359491453747,0.3023293767287043,-0.725297348643011,-0.285689113965308,4457.35,0
120570,-1.0231441375068522,-0.4476283301334165,0.3103149732364977,0.5301481619726576,-0.3367005503966626,0.6946794152873066,-0.2733087797910433,-0.3324012877746118,21155.61,0
143559,-0.4454342553857,-0.2527282780388753,0.4352740599477226,0.2560595840543903,-0.2764353526810031,-2.5991208090243814,1.3729663955728737,-0.2059121893876136,12224.68,0
22270,-0.2522971611811685,-0.7644289617154942,0.6819066755219443,0.507620674142886,-0.1080699547849517,-0.1743409946063892,-0.3533954731616664,-0.1710273907142822,9206.81,0
5160,0.0706752148732573,-0.7380285801536103,0.6271385500725122,0.5712952649534752,-0.6670018903259944,0.2084072655778154,-0.3375182932688223,0.5276485608659628,12315.32,0
276976,-0.5708064439320016,-0.4386447167741812,0.1313596213709806,0.48485105776218,0.0344914323784719,1.3922634765528197,-1.0602067441823444,-0.2405835796921021,7090.77,0
267082,0.1288591305998995,-0.9831255895101482,0.3092439653998976,1.213028127002323,-0.5572734681083968,-0.7951853252416216,-0.8650055753637641,-0.1057636418780756,19364.39,0
173939,-0.1542715272559092,-0.9313141873255356,0.8716884542718315,0.3054456375191776,-0.4933345673946345,0.1524502602780383,-0.8164368877941311,0.0632783664781248,21800.53,0
253022,-0.894453202675708,-1.0360570253048305,0.3768654665558784,0.5829940466820338,-0.2180659520610302,1.4412449332953547,-0.2458243887127848,-0.3122612899787998,8986.77,0
198057,-0.4918077903742109,-0.4014359966109366,0.4652051566759147,0.437497663700877,-0.6595591447051263,0.7748786964935318,-0.7352337017476793,-0.3221814580159756,20165.44,0
201233,-0.6806558556738869,-0.4803368338067738,0.2198509659727247,0.2056267631237685,0.677130060252539,-0.6796853751224348,-0.5376593972308449,-0.2695343309011232,5290.47,0
212060,-0.7262885636073776,-0.8853975164772736,0.513091758420978,0.435779852396245,-0.1004472927738049,1.632167840841381,0.2042913573689998,-0.3701099373170467,2885.14,0
159576,1.3639738969964956,-2.1883302609417745,1.0115322240647873,0.146269526347769,0.6554328201181234,-0.183419696377984,1.4339159524817395,5.161606595374659,17898.33,0
51147,-0.314921400098441,-0.8102355602216742,1.0762555051399578,0.1627031961674595,-1.2566520185712875,-1.4900513293032724,-0.3764808862942995,-0.3206554468165805,13763.12,0
148491,-0.7391397531797178,-1.0097919919882568,-0.1270326733878798,0.6341234144060309,-0.8810885795722024,1.5428438254763048,-0.9428411173524645,-0.4416788385208394,23611.26,0
14649,-0.1491305432824891,-1.3660879125551106,0.7031911074483225,0.2283385902337218,-0.1671079036408657,0.9657689630385418,-0.4870317311105908,0.2132807162545937,23640.53,0
235064,-0.3035093843199976,-0.5568295898804777,0.3303941140161565,0.4506227950681555,0.5961016436986153,0.9782943606496718,-0.5064714835775692,-0.2164742752178631,6841.37,0
183039,-0.928199582606962,-0.7809068138868914,0.0719786355012764,0.2271451057404545,-0.2272828020890527,-0.6821714729814511,-0.9223895677904008,-0.1667543223202338,8332.95,0
122674,-0.3374739984763825,-0.2164125495477342,0.5428696280691871,0.3935314436335775,0.1812671042161574,0.4612028604170632,1.068662316560411,-0.2406543892740298,12589.36,0
9841,-0.3131468544230396,-0.5528455029784946,0.366514844625511,0.6885258748777261,0.6097585809218761,0.1442634029693712,-1.1415826112397427,-0.165420211411985,11887.94,0
153018,-0.6979357752628983,-0.9342106774357348,0.2570053702308964,0.4596931682855638,0.3983174105438818,1.339563059928566,-0.5768114490363083,-0.326604137160511,6639.6,0
200227,-0.3662246815220373,-2.6971731705069537,0.261343708249191,0.8681315977197039,0.6456758120700586,1.274135198632256,0.0318358949693207,-0.2496017255681759,20707.24,0
195646,-0.172055184040195,0.2774295961542065,0.6733659917584377,0.1187234438784397,0.7327012255608057,0.8046818558301041,1.816372033784172,-0.2839801870416256,17329.52,0
101660,-0.9927996033020104,-1.2682566247586504,-0.0375517385364444,0.6746011872281145,-0.1217662018838136,1.0385126853104705,0.1505117289469636,-0.1618092405433117,13979.29,0
90668,-1.00043372568615,-1.4369955474338296,0.1022005083934304,0.4287105622566782,0.2292517035140174,0.0678987166804457,0.4710086975394988,-0.2036610403024025,13726.74,0
248360,1.483099339611837,-2.1359951820973757,0.3778168665435997,0.5186870105972045,-1.157089359800323,1.0066507908212603,2.021699055728808,3.0714568109001816,373.83,0
250243,-0.0410153659415521,-0.9108120395630852,0.6858882164056819,0.5962515452711052,-0.7838809295552551,0.8054804945825457,-0.6430371205283754,-0.1240151017778066,8624.63,0
20394,-0.1481145325361648,-0.2285310946037877,0.6770228475112835,0.3951570886044473,0.5725048854109265,-1.2828926128815434,-0.9534917638135924,-0.1011822407170117,9637.44,0
229579,-2.048247606229934,-0.5422825141425344,0.7663313142589175,0.2905916160827561,-1.3990368158143585,-0.7545333564739821,-1.6555754680258086,-0.5193157166493694,2914.32,0
66960,-0.3940480002272908,-0.5452348912372387,0.3947099644227912,0.2021379082057228,-0.6555854784482203,-1.844638950019368,0.3857802568871848,-0.2550632868016653,12311.28,0
263439,-0.7516689486454973,-2.407784983734297,0.8724337180104761,0.5820458905337177,0.9000504374398292,1.6050546469677485,1.0120018792888448,-0.6196480533237074,12436.34,0
177763,-0.5297252840365569,-1.534839787126031,1.127324147016214,0.4346400243201725,0.9863434414612132,-2.504160564976628,-0.3351400738737716,-0.122564764357953,9777.18,0
14746,-0.4240614135093343,-0.906422479552227,0.4651236640071439,1.0702405784555291,0.1479615863087997,0.6058730452232118,-0.7271332645780927,-0.0449480651063649,9096.66,0
236007,-0.1326658875735833,-1.0782714504201547,1.1025046600145068,0.2419437430139948,-0.5695880008141809,-0.1786723596294827,-0.7703124308439824,-0.1602312528994126,4094.57,0
233953,-0.4389578764030343,-0.0864949907910581,0.9711049006878392,0.9126896534246888,2.1053798909457173,-1.516451417229727,-2.2486123025524987,0.1307611527033768,19867.25,0
105204,-0.6693725673962176,-0.9021440006712654,0.3166566676823509,0.4135270733025705,-0.8764071388973347,0.8628477655772362,0.0475060366472295,-0.3111719087078481,10210.57,0
259857,-0.4506710306202834,-0.4592632909347008,0.5092776220997368,0.3279688996311734,-0.6464131799413516,-0.1453503681864019,-0.5029346696134614,-0.3139830967612891,6393.52,0
95224,0.3919848957524177,-0.2365489318723597,0.1626683016329415,0.6330421657639645,0.5090468666884456,0.9377398959197882,-0.1907988314669719,-0.9898682728632022,15791.54,0
257760,-0.58790058049025,-0.6568039878214161,1.7446121225714653,0.5604293662574142,0.7328301693753959,1.3844536029295422,-0.5549070877042301,-0.5785416204646034,1620.14,0
11944,-0.5861892743640164,-0.9588616974529568,0.192006363417862,0.7438719848256459,-0.052633289283382,-0.594425557262723,0.6053300379881248,-0.1515928005195412,3589.51,0
273438,-0.384076755225274,-0.444681018041218,0.5046013146612512,0.6284377336036742,-0.8098709156848847,1.1094403062941136,-0.5023812848679472,-0.3017937681840555,18936.76,0
149345,-0.3869887181770839,-0.3504884394433132,0.6837611016191052,0.6975565256986755,0.3458816105216881,-0.1563913606149314,0.7762965567702833,-0.3286214161051063,14163.67,0
177308,-0.7436337579941699,-0.9361323105771174,0.2475773355551842,0.3421987636437394,-0.7075962757967379,0.1468404734713708,-0.4629418259997738,-0.3003621062407587,17151.29,0
12760,-0.5585486283912126,-0.916364991993657,0.2108983810123794,0.7779895439824924,0.0785863866010738,0.1053811901213297,0.5765926929877052,-0.1439696004574085,21805.19,0
29974,-0.7174205131825185,-0.2576268937842777,0.0942932609935554,0.4317539640021997,0.0840086007445576,0.1384098294840834,0.4109338815701066,-0.2163359586176557,22032.52,0
55282,-4.185927537948365,-0.392006503278883,1.4089923072561448,0.7443997165022398,-1.0227154474846256,1.3893826930863629,-0.4189893398532211,-0.6703866483670287,5755.04,0
77172,-0.0355063674333265,-0.5669656708960524,0.6290422420858272,0.5152314891650663,-0.651787150280351,1.3794878840811142,-0.3632769877236317,-0.165933222667594,22186.26,0
263249,-0.2638857787797343,-1.5081372707822502,0.5859148269779699,0.2907413047594638,0.9505784941465673,1.6095170959801557,-0.2843525371548066,-0.1634302112252343,23225.66,0
163822,-0.607246478213328,-0.918546612623571,0.2345242349093739,0.682068905236804,-0.3357052505392359,-0.9399447344567718,-0.7065888033642037,-0.3602696533149742,11301.09,0
203651,-0.1874155047635782,-0.8438022381357076,0.2749794635429461,0.2641482678701082,-0.4975204886520077,-1.0836767173512558,0.8082529826951094,-0.2804774115914857,17165.54,0
150482,-0.1371169957506448,-0.8336589071402526,0.8156362950723192,0.5228389203479735,-0.6909809088386247,-0.2658234058503782,-0.8262078746556644,0.0258390668141864,18273.41,0
70043,-0.1979698188271794,-1.5861974809564807,0.3615288847514568,0.5673931474629736,0.24495663339941,-2.117625840715468,-1.0858664921587062,-0.0029667153206373,16182.56,0
236221,-0.2390495830658082,-1.160824071205974,0.5077596250101823,0.2457146613554879,-1.8185940687707105,1.0844773443783828,0.3921904664559217,-0.0409839130324427,10521.33,0
4239,-0.6607345781243217,-1.5840135869622674,0.0891048761064667,0.6013363602662017,-0.8123538783707601,2.0250445949125,0.5235032481538033,-0.2549514252433696,4897.32,0
164329,-0.6068953651039464,-1.4292682497062357,0.5377506602314166,0.4998376224602975,1.232714899868361,-0.5954453218169939,1.344094700658919,-0.7365254365164862,12940.79,0
259824,-0.1996651106145623,-0.6933877356097986,0.8712892051360767,0.3014273976205853,1.205972708686848,0.2738466516277942,-0.3518266783561565,-0.2349966550570196,17565.25,0
49689,-0.0237850053931877,-0.4423150584393648,0.5474691928404337,0.5098191250475317,-0.8298270776113907,-0.2015282283504932,1.2664617116852723,0.1826194749624438,21805.04,0
143112,-0.4131584922813754,-0.177810850536206,0.5096469596989249,0.3129148773242297,-0.1089046553938728,1.0237405960753063,0.9019276329096504,-0.2622466468098055,23797.74,0
257776,-0.5371692238578061,-0.4717470257437904,0.4571396545975718,0.3155983353375191,-0.5896501369121135,0.0399416599955928,-0.7024533017482176,-0.3298807647927901,4117.71,0
236333,-0.5983712585260129,-1.0948349416107894,1.6264795343843566,0.6929703647521537,-0.7163681494555563,0.8323531662728652,1.6076036309267934,-0.5840956474338347,14978.93,0
202482,-0.2741411257200902,-1.806101023190208,0.6629785669341696,0.2370615296357087,0.522205872026784,1.6176198292337944,1.834999488512878,-0.2326481574315054,17026.77,0
196753,-0.6089553402349742,-0.861323895169113,0.6263769969838967,0.4375394564291712,0.3851276741794989,0.3244709013931023,0.657660275995153,-0.3835182499723752,2049.57,0
235448,-0.994409696161293,-1.132824977319948,0.0874815201977868,0.3599110948849772,1.016008047278875,-0.7985981059562849,-0.5386076282477008,-0.2524127429451648,23717.79,0
86441,-2.2361035452086173,-0.2159692243924542,1.25662557558945,0.632737830617776,-0.6181396472893463,1.2584525420627175,-0.2888043609258209,-0.6147279619170067,19279.86,0
88083,-0.3152028287898915,-0.1810894392529624,0.4939008340893428,0.284181071650971,-0.58077850874547,0.7836540143984396,0.5688380185230613,-0.2051905393138239,21483.23,0
116455,0.7373219152865887,-2.3979245639784224,-0.235852593225735,0.4027726910613722,-0.8313638549961718,2.166613459775517,1.079814143762463,0.4800903934152672,15747.9,0
14782,-0.4072179892846067,-0.2245190802904197,0.5211622491534619,0.2060356134326735,0.1297422922271968,0.0934853114403573,1.0849722999526286,-0.2387156814827034,771.92,0
169825,-0.1987249360252523,-0.168846693768613,0.6351573028596756,0.5857829527925863,-1.1571251763950174,-0.2458182587999763,0.5318208322574131,0.0809140444512057,1930.92,0
233214,-0.8007614991313099,-0.7805985651890419,0.2235355416200969,0.453874268112453,-1.830040072038208,-0.4327616158223667,-1.403782607150439,-0.2955815121189752,22437.68,0
269649,-0.5647436563121836,-0.4347639311058985,0.4376739695962272,0.4055717828973306,0.5052391077293745,1.051433710546491,0.5721195368052879,-0.2668205294622741,16170.17,0
57087,-0.6674610510804501,-0.8572192094610656,2.085208618036668,0.6174252112878893,-0.3707002497053311,0.9400537142637688,-0.7829136171724247,0.0633239564952448,3749.28,0
190933,-0.1231097155119919,-0.5999348822916152,1.123167310972551,0.2818377682959815,0.7809569812363367,0.0487994379542798,-0.8584679622089155,0.0526319783885248,2318.34,0
128679,-0.9301942799908242,-1.620111152529803,0.5949595948468875,0.1324836265336523,-0.5525279988044605,-0.9218116117901004,-1.147069573364242,-0.4349050516749027,9764.21,0
172944,-0.3856455334157434,-0.1891604207175475,0.7519675680859784,0.2115982934064975,0.476556610764097,-0.7625288583066742,0.7148881199472246,-0.2833028999808237,5165.91,0
121051,-0.8904526906326443,-1.077589190526656,0.0873149126249355,0.1511679997358019,-0.1133752370545561,-1.274572137628027,0.0158498414770697,-0.2668751028981215,20365.09,0
158556,-0.2259624593465317,-1.294616266074818,0.610405159773856,0.3371531328132122,0.0495618265754338,2.4348323768786733,0.8708822504689819,-0.2281499297951016,8107.89,0
197840,-0.0293428434127276,-0.8328737706263452,0.9981819047890814,0.4595134501361265,0.3647734369687622,1.5006198872682714,-0.0863604255662111,-0.3421601840615553,15839.9,0
140331,-0.2101435336899822,-0.5051443054319641,0.5056571422213557,0.372491537367161,0.3647394908065796,0.1443524036989134,0.0710125973463597,-0.2427903924392933,23358.28,0
215782,-0.5709123341017495,-2.613197937594392,0.3062055178348783,0.4735670562484704,-0.2060021421289115,-0.6250970738356442,1.0646140710267131,-0.3635436952421035,12239.01,0
45380,-0.4777594977964518,0.3081770933704344,0.2051736173499149,0.491654344746166,-0.1195447882265155,-0.530533924767944,0.0934620652528123,-0.1677290743210674,416.49,0
70424,-0.2822137266793169,-0.8602529384512072,0.5531936582666275,0.254515755120037,-0.217201274276805,-2.7000968377407637,-0.3213615621676582,0.1039905530249024,2855.13,0
180499,-0.7967900778007517,-1.2964900007921256,0.2834003703123986,0.3305007408670741,1.151290920969804,0.3265494141197789,0.3047293502741119,-0.3016559686785715,2241.24,0
111251,-0.3249964147679008,-1.5506601300223182,0.3756005078406807,0.3102509717329748,-0.2848328056594879,2.427907030584121,-0.3749354772101504,-0.5211977838137358,12308.87,0
1088,-0.3646195996343832,-0.429763740495976,-0.1280068534830042,0.3229016710907257,0.833896323211225,1.1082096057041746,0.4175931645175247,0.0147562258244708,11462.03,0
177346,-0.4177000401562714,0.7221738549869171,0.2853723185592254,0.275841433785682,0.6400016522050653,1.970444452681754,-0.7096239733651181,-0.2334236461521997,19952.44,0
109986,-0.373384714061154,-0.1729945793050443,0.4792443849198864,0.4423888591143003,0.6374014491411889,1.2038287192554702,-0.9040621377515778,-0.8934745803029169,20951.19,0
250161,0.1285364316194475,-1.0653210053120623,0.8267586518883756,0.5427594456425969,-0.84076482725441,1.171513379140592,-0.3139657712838292,0.7372880072072643,23746.23,0
242940,-0.5977771798252055,-0.5173983091325641,0.2230730565655945,0.1999151955540324,0.9019666844306954,-0.7542647558599378,-0.0813515958764442,-0.1581185791631537,241.14,0
248835,-0.9644933347811132,-1.559674135311624,0.1125929889457407,0.5827570477421616,-0.1534004848747144,1.1868744149755472,-0.3943031049464932,-0.2275866331774859,10380.03,0
184841,-0.2533094734678055,-0.3346985872149079,0.713414930254698,1.4435881749975574,-0.1803982989729069,0.7765335050690813,0.5434092842493656,-0.3402573466752647,22463.34,0
172424,-0.434036002391105,0.7094895068565837,0.391407762937391,0.3417301221502881,0.3907891280090803,-0.1286190761006923,-0.0014425247910308,-0.2581963712779361,14059.35,0
171758,-0.4586604094896476,-0.4304014764940825,0.589837032244246,0.3809554477056076,-0.0767831678819221,1.074288691831911,0.3307647596744801,-0.3430688886665505,10476.85,0
13275,-0.6441873472146495,-0.7404978214690902,0.0910171272160251,1.3056230189023654,0.279431569103324,0.4319389972625517,-0.579292756870731,-0.899305018895753,7799.76,0
205425,-0.4002155528990863,-0.5003386642406873,0.4949408886503386,0.5304908843146932,-0.9555321724752416,-0.0818165911588414,-0.3734317953988631,-0.3100759330482402,16033.59,0
271851,-0.6573764183473847,-0.4585916096407604,0.1859156256413913,0.2265578686900441,0.2618856677427492,1.4072805073883172,-0.6682950708330089,-0.1856602239752179,8109.88,0
165950,-0.9188157579007692,-1.042259840885292,0.2118977072817133,0.2524165506507613,0.4400507999219599,1.7068747536509257,-0.8426419433913698,-0.3358528105565114,23805.77,0
2363,-0.7280915590915386,-0.1265403551902111,0.3087891108537303,0.3926359690233985,0.5975745563119302,-1.2852157315711346,-0.0284992512717573,-0.1054374321437062,3954.84,0
200158,-0.4014598541532927,0.6255438774528832,0.2522325143449631,0.1600776082834049,0.9848810604476989,-0.0080460792952277,-0.3600277430363512,-0.2475680959721426,3137.67,0
207303,-0.7534967527286683,-1.1046691568222071,0.2560127180914455,0.5403419932367467,-0.1910193634933449,-0.0386910128847035,-0.5482878869647905,-0.2827016219126698,8229.4,0
4262,-0.392127622937777,-1.4618681578889603,0.3723021416288545,0.7191732101245769,-0.3558171949185967,-1.5547625621806402,-0.6097867734171387,-0.1439054020296611,5129.84,0
87766,0.0389450565982082,-0.7360032024383364,0.5080608443096142,0.3887513193030581,-0.359579549261207,0.4443048973551437,-0.3775890029586153,0.2191339219902567,23854.05,0
209047,-0.1021089514916597,-0.7073161391956909,1.1464351138754307,0.1905332001209028,0.5007139531297194,0.5213932827185568,0.0810149847665358,-0.4286590350836651,4158.26,0
198888,-0.0981206387926677,-0.2435466261745124,0.7652345606028449,0.4394718401479445,-0.7230220395984681,1.2268636107660218,-1.2762966925353298,-0.8299706800993308,16651.62,0
280497,-0.1427177351376556,-0.7721877724740478,0.3451785993235373,0.3618052889490279,-0.5809459232663595,0.054668638174744,-0.5248054053389296,-0.6674635819243764,16396.57,0
119615,-0.4281113639875076,-1.651852723387611,0.4167854475420109,0.2547095554148538,-1.1265553319800372,-0.0405781015495564,-1.5517978594716528,-0.6124352147011104,5107.7,0
193406,-0.3266898613003811,-0.3944497662140824,1.1884170448390166,0.293906819733895,0.614559799454828,-0.0761313669165904,0.6466055406320877,-0.3133215057400205,14157.01,0
175093,0.0320221864285567,0.7187912380565261,0.6713830447382164,0.3380131686148938,0.9992277025518812,0.2474279688868497,-1.8880121477755984,-0.240934045976473,17936.8,0
284250,0.463039306124088,-0.999543044880499,0.1236934883993551,0.6632599372849663,0.5007178486997456,0.1299174050278643,0.5250055807935516,-1.3652719361492522,2715.71,0
127581,-0.4025707277273424,-0.4698004749439578,0.3979138707617324,0.1929650189366994,-0.7580950713183053,-0.6504799606439726,0.3339250053208665,-0.281715174935407,19917.08,0
15837,-0.1794133191482764,0.427491248881996,0.5036876289278427,0.5120375899540883,0.6496543551740285,0.876086918773532,-0.7181499680412884,-0.2145884606260711,3867.61,0
10901,-0.6044925107745734,-0.524246150792603,0.1300607088257071,0.7313585337177804,-0.2438573625216318,0.0300806627090341,-0.1868796567277966,-0.3043334312675549,12338.68,0
122419,-0.6116065031856269,-0.9163448834500512,0.4182658632312327,0.4231435949778633,-1.794138896593272,0.761331819884138,-0.3267706330709211,-0.3212659196199252,13360.91,0
98970,-0.8320935041815053,-0.8863430360539991,0.3671610165223403,0.5213696883697583,-0.5921000345364554,0.7959846721861965,0.1685231753667211,-0.2734668661411042,1181.91,0
44490,-1.4425761015076146,0.1668717229899695,0.7906118530394295,0.6066927914210569,0.5730594867578525,-0.0817814696538463,-1.4340322043599918,0.1352410097394864,6024.43,0
207647,-0.2590896284675341,-1.4890269176111868,2.118131972990484,0.4134808913606015,0.5172796355554004,0.0606749479246363,0.4995529695911481,-0.2032243551927402,22443.34,0
134220,-0.6737774318917973,-0.6702061822476575,0.1321077394849926,0.3083676468674832,0.7172975557729733,0.6136872866952179,-0.2664417178591944,-0.2746526948015022,6046.93,0
90676,-1.1962239435352793,-1.234762245308005,0.0172667922178084,0.7945443057054156,0.577696727525768,-0.408062395910571,-0.7921011327631376,-0.1482704919605977,20528.37,0
20443,-0.6821081470656876,-0.9754613050832373,0.3080300208972386,0.4832602213733648,0.5850047251373308,1.246588173895687,0.8289594821458052,-0.2632336718762158,18634.72,0
260129,0.0041205249342118,-1.3375973851252945,0.9463383205057108,0.2522273189498912,0.8286781815650339,-0.765186366376044,-0.4213253022990052,0.2158538844969865,19030.67,0
179865,-1.0745362772901992,-1.832480572476518,-0.031714729568946,0.741924120323723,0.2699356907438348,-1.614915081179526,-0.7790062107308651,-0.1639350787572175,13229.52,0
3649,-0.4760350657918748,-0.6765617954901815,0.378817407095607,0.4514000584144523,-0.2856993573981979,0.2692035614812014,0.1327913316034093,-0.3216507528152159,3892.57,0
88566,-0.1879727748768963,-0.9539754957276564,0.7511025952508569,0.367753854387999,-0.6598764336077085,0.1257747437694717,0.4225859081864845,-0.3089767590818635,17870.17,0
23083,-0.3765706762423881,-0.2624974027300279,0.4214055207443304,0.2263097328973891,-0.4112962683429901,-2.1148572031053936,0.9964855958000852,-0.1858928689327591,18006.66,0
85216,-0.5864878361436178,-1.041437091291217,0.2789864861814562,0.4390175600044481,-0.4139235608076128,-0.1783280628491758,0.4575506785587538,-0.2207387775175907,17585.66,0
36552,-2.0624219874224443,-1.102092311437567,0.470855101779057,0.5019575731397032,-1.0051699371280969,-1.3744358020901308,0.2767274175605311,-0.3933401422389005,16256.33,0
216501,0.0966268231187483,0.5855915711870753,-0.210459134698249,0.5838668597040291,-0.019369608253801,1.344268635197556,-0.1892808660479213,-0.0423964565309233,10715.08,0
35183,-0.9974814721751192,-0.7601256300437012,0.4382024949080625,0.5050856299542865,-0.6974527922028427,1.2368130671447652,0.3199075517022341,-0.3841794672394881,9673.82,0
100164,-0.1066798644970821,-0.173766808655848,0.4364856201265215,0.5728106851782416,-0.4003197922434348,0.0414639222719983,-0.7891993567065,-0.5352097661890229,14015.42,0
102139,-0.4665515308752301,-0.0712666276723923,0.3844778484248946,0.4041189378714617,-0.2213769124622139,-0.2084451991688168,1.1187767123507777,-0.2092642919192189,21321.26,0
282573,-0.4346253359638384,-0.3838524929477743,0.4978592474670855,0.6645003768646436,0.5195378847613158,-0.3333424248645483,0.2158467858004145,-0.2530213974224624,18525.21,0
153722,-0.3371517739766973,-0.3165568300659795,0.503021773852351,0.9131828529488528,0.5338667487140326,-0.2032979563043156,0.284517644764764,-0.2660204773500779,8992.82,0
186473,-0.5695386777913839,-0.9696378598682028,0.4061724902343839,0.9899398102379624,-0.0275890671807603,-0.2517686403200302,-0.0672036662865885,-0.2572001623555414,4018.02,0
98215,-0.7342375399780104,-0.3623981462977916,0.2229684033351537,0.3020006791251156,-0.2259266024531732,0.985627611061499,0.3239280430910979,-0.19609134068783,4392.77,0
156671,0.1721050470099572,0.8561241367299609,0.4488755625418874,0.9349604305923754,-1.2486141009307057,-0.2130622376943656,0.0004507988857086,0.0356142284873541,15428.05,0
212278,-0.2340322976122145,-0.745325286435328,0.233784343181273,0.3738839711092215,-0.5530125989088626,0.0208004653225649,0.5131565682529712,-0.2967584831710454,13854.39,0
2718,-0.3756289434478523,-0.4051925630113545,0.4407641997158282,0.2699988551789459,-0.8009536338651079,-0.2083414606421447,0.3605179575756136,-0.274637694271011,17045.66,0
84261,-0.2715585014094031,0.291511185208941,0.4069805655529716,0.2727347123355165,-0.3019221326600798,1.4670632558931465,0.3235365000608806,-0.2337982434232373,16996.66,0
261200,0.0401854270232596,-0.773880930006358,0.0164029053751424,0.361484577369691,-1.3340222352647118,-0.8075121068292358,1.424022861919064,0.8485678458809248,2252.67,0
196537,-1.500307366969597,-1.8834156527220205,0.017577039666936,0.5736277103107424,0.2232581471577061,1.4980746566622736,-1.7818896159240958,-0.0082694657168983,18985.88,0
8091,-0.4772805577683164,-0.5981787142693614,0.2821454580682377,0.3647542567076259,0.0449565717414535,-0.523361641082943,0.3815858902116541,-0.3434030197593543,1055.11,0
267543,-0.4841130733187757,-0.6284488889983018,0.4484467054637364,0.1697387773876822,0.6982236719468825,0.2528668729936647,0.4497130590658235,-0.2750910287188154,23219.98,0
159373,0.1627594794356794,-1.4917004932208444,1.0350359668885305,0.2545483388878264,0.9478382814269736,1.6281655065913745,-0.3234951174923957,-0.1571963776598398,16125.66,0
19924,-0.1809646652400399,0.3814500243171973,0.3616083440236185,0.3807464271188575,0.2578451385091755,0.7434531633765935,-0.1174006011217924,-0.106849355352681,14160.75,0
190063,-0.3747691448726087,-0.1144110386864996,0.6347443057213051,0.3339809717070542,0.4406320025122592,0.0822353110067809,0.6144462934658715,-0.2569147836857848,17513.88,0
90826,-0.3876224305976897,-1.3510110160438895,0.4111238932712249,0.1621138416728788,-0.3522399774850966,0.0939186369530587,-0.4694070157064654,0.2020804712957821,18722.06,0
24956,-0.9645389596876476,-1.3319251770965252,0.11971470529843,0.6789245109670413,-0.6621544798674419,0.5595883896922373,0.328525485200665,-0.2282689550189606,21619.34,0
69649,-0.6577462491044499,-0.4630776367251542,0.6928412813258935,0.4504328535886895,-0.2824921712864337,1.7176529919941426,0.5553740767334032,-0.4189138253125632,23330.31,0
88543,0.4340519924012783,-0.6932062850460797,0.1277507096773143,0.6072614042026162,-0.8452254428201628,-0.8668920280657062,0.406588818773102,-0.1735489270974403,12342.29,0
83766,-0.6253067586388228,-0.3585010099564145,0.1420394996786818,0.4419555596032535,-1.0449846756725747,2.213809505421634,0.9916280963553084,-0.1576154620703324,9389.29,0
248371,-0.1875390638389501,-0.7324494928733809,0.9919858939349482,1.132499870119094,-0.2897416847770248,0.6060693345619893,0.7034078584133007,-0.2934009123392558,6206.84,0
183981,-1.0743857350950612,-0.5490036138389774,-0.0918063559103346,0.579344096832799,0.0642948475986276,0.0506671803133587,-0.922161300091839,-0.1714651727266548,243.32,0
19959,-0.4752318556053349,-0.7765038250580026,0.3180025547867567,0.2847922054576766,0.2759688423339184,-1.085584073715434,0.438546662874164,-0.2816581182169713,17415.27,0
236372,-0.6965035260761571,-0.4500061590776658,0.1690691453214257,0.280645154998813,0.1518071726646252,0.034877626917316,-1.101125868933865,-0.260880277566191,2989.96,0
267666,-0.1030220400772398,-0.9626528407169962,0.6826644798404247,0.3380303364794031,-0.5983747992975417,-0.7243452715958049,-0.7529577360905543,-0.0939292638282265,1388.56,0
161632,-0.211169351834943,-0.977601203942558,0.4834921535497486,0.425065543063102,-0.0823631972931323,0.753989750834573,-1.0417792563975516,-0.0683485177738216,9164.78,0
188512,-0.6450659945505017,-1.635310412019075,0.5606221206124762,0.3148110232462992,0.0990030541590919,-1.6291616912750224,0.6710605401255091,-0.2998101244518981,8639.13,0
35296,-0.499326987137673,-0.8418813486977322,0.4339668289630589,0.9507213683083168,0.4876398732415987,1.4783662463568368,1.21412763003286,-0.2555955208731888,2253.12,0
61898,-0.8341179194733822,-0.0249164606103661,0.8663780706209786,0.3685142986467985,0.6598796155528798,0.2291478028235384,-0.1357608069526145,-0.907573659469872,7894.58,0
245787,-0.5778768637599778,-0.0625635595221668,0.3037839161985309,0.3388267189170302,-1.140863027722829,-0.7797710073722252,-0.6634207454281761,-0.1960628489513481,7461.68,0
214910,-0.1547966271142875,-1.8083729873275571,0.6266920534225808,0.3443332285351266,0.1499480315694155,0.5930256126272737,-0.4062636873369578,-0.8059343241793274,6800.26,0
112862,-0.4201319434874155,-0.1004645041692102,0.2877066439048359,0.339002324737827,0.0917392729124825,0.9248675903530034,0.6884803804522329,-0.1428679571909425,103.05,0
80549,-0.4379859141103216,-0.2479263657150384,0.387360783857601,0.5984539068195719,0.1803313781766146,1.0332193728188843,0.7461836985121355,-0.2308045375548047,11034.9,0
208047,-0.9923040890137452,-1.5984211372364896,0.1014928365793197,0.5218250389523595,-0.0062362024106232,-0.8558307753176956,-0.3880084477916777,-0.2361122114517885,15155.55,0
59560,-0.5290944293277401,-0.5086092302458354,0.2342280141426578,0.2174502290680753,0.0265419719659764,-1.0693286325368123,0.1168578907766102,-0.2398777903591946,3371.82,0
200782,-0.6095324501333751,-0.4555528816899501,0.258169387325728,0.219514562125927,0.8214541970274646,-1.0215214341021508,0.002673462362179,-0.1917973948338599,445.98,0
224309,-0.0586280125358138,-1.2788579963062228,0.7428842118780978,0.2978272415680093,0.5334178447668505,0.512693332003867,0.2723582069052648,-0.9850577002736856,16450.79,0
271208,-0.3999857591835071,-0.4562531165703338,0.4906248498550057,0.5966515295890433,-0.905545098331361,0.7861320357294335,-0.4791605383905852,-0.3108224180485949,20553.14,0
19809,-0.0695968925564717,0.0543215540366261,0.8614056421669913,0.3821258646745503,0.021572643407967,0.1001625374380091,0.4436181044258713,-0.3993863865702456,15798.66,0
175968,-0.7045825511393128,-0.8391073918481655,0.2433986608471746,0.3036999710881563,0.1346563673468612,1.6653546142075129,-0.1126382549030904,-0.2053358947467355,3996.67,0
272859,-0.1626903590883466,-0.949222986415563,0.7329872651809145,0.5348975677204477,-0.7037190839594205,1.23242914343767,-0.8937919612869528,0.0187238131133974,13928.45,0
137415,-0.6713009249620553,-1.5969540043741546,0.1056149926745408,0.6324520910403625,-0.2733949511822612,2.027165043875889,0.7753621753328225,-0.2076675852576039,6567.1,0
48230,-0.6382597794637057,-2.3075840761394426,0.2689541196920479,0.3388965989138562,0.156002397822519,2.2537740051593067,0.4345762458759407,-0.3664013057985371,14937.8,0
148134,0.2809964339962599,-2.6433335087052288,1.462304330989988,0.1017567671291024,0.6477885442075856,1.523496727574388,0.3021514293363475,0.1047459049659633,20493.44,0
197638,-0.1579419902969648,-1.612587735908256,0.625188004513973,0.3148583551028723,0.5605787957544901,1.6103317629374094,1.786142805275717,-0.2020794429644703,12510.39,0
69337,-0.2089030651800398,-0.1188424758327111,0.5280129632227377,0.6944196986364802,0.0386693173757726,0.8961656273625466,1.0238042061620538,-0.1958353933978621,9203.57,0
280287,-0.8333233164544943,-0.6109841779996551,0.2256479412307068,0.2036424307796806,0.535793167315177,0.6481031818210455,-0.4078653826539096,-0.2661692729454008,12770.18,0
175453,-0.6151264680015984,-0.2014589203409492,0.8022316601159665,0.4233913798445799,-0.1715272259257341,-0.5208966497475188,-1.1113479532626878,-0.7364083491646131,5409.7,0
186820,-0.991333903609272,-0.2708894850734725,-0.1172213464453621,0.4078607040839824,0.1886193249395301,0.3721006146413162,-0.4850482786782055,-0.0685531330595068,6843.49,0
126451,-0.5278864915470279,-0.5275183728322477,0.446360010270634,0.3806436402857302,-1.1947362913273538,-0.6332785226913555,0.4748741078682211,-0.205133077682184,16271.46,0
263364,-0.1418731523330252,-1.0420878913689913,0.7653326009586001,0.4170051074315909,-0.7705088701515063,0.0059902439076366,-0.6931115922912058,0.020676687653035,6832.74,0
29976,-1.0869946674690298,-0.1747575934498359,0.1811338337775276,0.9002689177783589,-0.2186107828812985,0.0219568084960333,0.9971907344147756,-0.2241377785650847,4735.09,0
71727,-0.2070623636093645,-1.1421183335323812,0.8843136291857466,0.3273592669604793,-1.1100163524087592,0.7760562502170829,-0.5574700230196729,-0.2936776169476174,5381.18,0
279251,-0.5823274419639772,-0.3953955309062951,0.2529344180473139,0.2896694959156937,0.7710090234828567,0.1873348767720524,-0.2302120007435112,-0.1880238293003279,18007.39,0
89117,-0.0976718715867148,-0.6215196388695678,0.6880842749871886,0.5337159859595177,-0.5268750188600216,0.0987031920127814,-0.4380633458909233,0.0794283530956785,17117.99,0
198852,-0.0156485055904536,-1.0284271710422477,0.524325333610852,0.2581849578527329,1.1930115784697888,1.788562604257394,-0.5034481629846889,-0.5368493327913518,4285.12,0
79558,-0.3999767901862205,-1.6430172540095704,0.675657267263284,0.4529644296355056,-0.262289545402101,0.6174340746154436,-0.241400512759066,-0.0564978116071213,17839.6,0
21162,-0.8782948051143905,-1.3400186388542938,0.148803548085365,0.7844663453601161,-0.7775267216566641,0.6939752630486296,-0.1252717605331312,-0.1908460911418583,2896.94,0
23547,-0.3689265916179113,-0.6593188859418723,0.4222689246782978,0.2110169353758491,-0.2634178679985385,2.245089763336982,1.638702976678018,-0.244889144423388,6321.85,0
274339,-0.1613313315232666,-0.8098414985745345,0.8692258977477524,0.3940582003099109,-0.3415042807681758,2.6545485837929825,-1.3004483866300178,-0.0866481799250108,6994.95,0
144593,-0.0694574345194842,-0.6626184906400241,0.7345093349178033,0.3638185278785711,-0.6601362255410161,-0.288360308131339,-0.1723678543240789,0.0648093507532233,17327.41,0
216378,0.0086739679026218,-0.2861733376217946,0.787599337746572,0.4514377049883412,0.584184269956459,-0.67372407257658,-0.0232058009496354,0.1369862401513315,7829.13,0
8358,-0.3157761691687556,0.3772446142758031,0.3970616715465561,0.5443167501497768,-0.6586681469561332,0.984291277339938,0.4426674822004768,-0.2708057474851839,8260.27,0
223355,-0.5520177542530194,-0.616720238704729,0.3500712150627822,0.2263992618636224,-1.2352273404302248,1.4475668767263974,-1.3220761277482298,-0.3378874296785762,17192.34,0
217334,-1.089906359754636,-2.508315073226304,0.2268522823146824,0.3311603964418908,-1.2515685703464512,-0.7003706552057318,-0.5048463428633623,-0.1578793160722117,11516.98,0
178389,-0.6256312233502536,-0.1010967894691159,0.1693093386091226,0.1990219855513134,0.2834601071477339,-0.0781084320782064,-0.8036605656011334,-0.1662173374398132,10877.69,0
168194,-0.6400864008382838,-0.5459324918694193,0.3491534142279345,0.1556763282335883,-0.213483616000067,-0.594750201157492,-0.2833797489690218,-0.315262485380837,1234.58,0
251710,-0.2288392430039501,-1.4373306410243707,0.3544182467604003,0.1318082112397077,0.8024065836645434,-0.6859681173794422,-1.930397180387614,-0.1878385367982331,4409.58,0
144069,-0.3140502890457692,-0.1231367263797853,0.6186987844120958,0.3741318751357974,0.0594010532866221,2.073347951645449,1.0491058930216528,-0.2339039561197911,22428.17,0
223519,-0.4275478897691728,-0.1881427783099498,0.6589875309363091,0.227924866768614,0.2516942933903582,-1.6500370974486294,0.8382951960967369,-0.2665123144393847,23284.5,0
79854,-0.2546104846135817,-0.2457142855665664,0.7624226680733118,0.4260615901827226,0.3073844540661086,-0.5004484019392607,-0.6562140363308264,-0.5008483812393122,21705.61,0
100759,-0.4191782439267197,-0.83373083540004,0.3679147997536398,0.6572242582538922,1.415301668958334,-0.9415409749039472,-1.27019934102554,-0.8886271297967228,15123.96,0
249995,-0.1716783384844228,0.7921739877798607,0.6204877526823659,0.2632550381262433,1.2729851950900355,0.2023570394990788,-1.9356158321113617,-0.6373698725550851,4168.61,0
10715,-0.3548655852807952,-0.0751849686084207,0.3437182471556903,0.6186198896582373,-0.6573636215468162,-0.042589892227724,0.1949668078635905,-0.2166421114590597,20816.67,0
39918,-0.6020551788864135,-0.42076925458019,0.1150514904693027,0.2364266139257322,0.6896320754278656,-1.246773414869587,0.3491475771119862,-0.1909603659545933,23828.43,0
226778,-0.5678680444596942,-0.9140451299530982,0.758583571466627,0.2303753923708401,-0.2218142212339207,0.3171646819648577,-0.389074551402597,-0.0905543668306906,3506.02,0
259871,-0.5775286589221758,-0.4132397779289382,0.2951993390181777,0.2847678487726449,-0.3946234435478553,0.0301790781113536,-0.7892841581749035,-0.2039865354760566,6788.04,0
243201,-0.4425203448397736,0.583290634202067,0.1524880709681097,0.3673955876305729,-0.158776105918952,-2.6133426574663896,-1.0605334945006524,-0.1456334283073647,21342.33,0
174377,-0.8652552269887835,-1.2467033683527666,0.1449828332977431,0.3122612046220634,-0.1693241366666089,0.2050375601856827,-0.7528593549289258,-0.2422988114151198,10459.63,0
140005,0.0956388601735639,-0.2260472238569529,0.3970450229105164,0.5327673509038737,0.6643147472801518,0.4507126280847053,-0.3654708756183763,0.0295032281459817,10768.78,0
94767,-0.2572728703394558,-0.1470848215429875,0.8078333552034139,0.8832278583526815,-0.1132544569141175,-0.0699740967145763,0.4751722338528367,-0.687514434874471,17094.28,0
15341,0.3946608051387803,-1.558780344300005,-0.653641685698808,0.5062624515675636,-1.58802638048252,1.7980937698966013,-0.3586168075588183,0.6227561502240494,18166.88,0
96476,-0.8672223880071981,-0.8413348971543163,0.1053965473706178,0.4425034361563388,0.1617848977978841,0.9905170091052568,-0.3631030523632158,-0.2398925866147893,16634.48,0
228879,-0.2790106757144535,-2.1112907377386656,0.3014663956382835,0.4963318469310743,0.4123040737248533,1.6207525226933936,1.379679912671695,-0.3130782937144186,9347.01,0
18140,-0.8206313779461544,-1.459471644645445,0.1104392718738032,0.5338925948139114,-0.7688003013988879,-0.3035600722002868,0.2203374122085313,-0.1912299786719366,390.47,0
165639,-0.1948352181293489,-1.096401045234362,0.8302851351901429,0.2365528587418105,-0.529868885642719,-0.5982736742981674,-0.7431003468512699,-0.1622217859763497,18000.56,0
92808,-1.4510463378438143,-0.2008053502191359,0.7894439037037329,0.4401677694230752,-1.5870968880345562,0.3496294950589977,-0.2734224730186034,-0.3527305556202637,14260.04,0
187729,-0.2131977830166145,0.5850439011041261,0.6374747803348592,0.2088189016813241,0.1185253295037517,1.667248806164744,0.3046099905607539,-0.3105627278670496,8619.57,0
144210,0.0884304013906255,0.0216431020438136,0.5903885336299032,2.1559935347724646,-0.2158596197772711,-0.536410380853214,-0.965522421916604,-0.0766755584350427,19079.42,0
390148,0.0502530089182169,0.7313538346993353,-0.4015340010393457,-1.135561353413121,1.1497707571783966,0.0557721122649811,1.4401605350451658,0.8627252423599499,23871.3,1
386095,0.0682040036270711,0.5627361350768783,-0.1335231454230758,-0.551427619038427,-0.1298974054822883,-1.2188665925251865,1.110457338148353,0.3010793920012946,8413.8,1
562278,0.105705158038909,-0.1971124884226271,-0.2721357487197958,-1.059056978337121,1.3611758442605613,-0.4316917752165862,-0.4886226282649445,-0.394362329066183,11020.12,1
404286,-0.0342476305272867,0.2050050945202313,-0.3668714396571946,-0.6669628642727499,0.8463757984769213,-2.6973656017650898,0.3067958435006104,0.8543619226637608,9554.24,1
542371,2.344949724225301,1.1762361120816285,-1.9172292207910373,-1.5542142943248076,-1.1082993309046192,0.2235543206646074,2.176976455499612,2.140046959389991,7774.4,1
463594,-0.213915106319386,-0.0595399647887728,0.8572174430876355,0.0180041516917854,0.3714607900783094,-0.7835070686398684,0.9804077820962036,-0.0139205082042149,15065.45,1
448523,-0.0928838567531288,0.1370307432834841,-0.1242262376410552,-0.6087546561089882,0.633219317934766,0.3764360528232201,-0.4833216958841846,-0.2275369957956427,12720.6,1
350739,-0.206777772184689,-0.6435260353977287,0.0115719882544372,-0.1778841986341399,0.1601710343678589,-0.8024837439417603,0.1983460219600648,0.2006532962466654,299.01,1
401033,-0.1438710257448466,0.3424055472093195,0.4428737042848813,1.092326436584523,-0.1092198814537424,-0.0227478187153697,0.5699671139274554,-0.208203095414991,5069.68,1
521123,-0.379513112335926,0.3367864286550791,-0.7567382821859586,-1.0936237460886342,0.3619345085583249,0.1864350260508837,0.0125534739795715,0.591551003891811,20202.75,1
554942,1.0993228758326654,1.4695214043253353,-1.2711270531192096,-2.259802747443401,0.6637905393227493,1.1779435384269614,0.1233311932136452,1.8536003890012325,14300.53,1
396615,3.229004971932968,1.5845672771057215,-3.296387356595566,-1.5940758749232873,4.088794429880038,0.6841425362185696,-0.2605217456060848,-4.202636552560795,18589.24,1
291255,0.1905184299771508,-0.4331082506727154,0.2546440464435686,-0.173790206537229,0.1078584109623556,-0.0282972641219853,0.4996347353882059,0.067891044268671,6262.97,1
389408,1.4153793576867473,1.7435094876554902,-1.1311912934540436,-1.6777724510033678,-0.1963668778020608,-1.9141754044642576,1.811093156032025,2.5512382990631406,5909.09,1
290868,-0.3850980702206225,0.6742787839111059,0.1167887457481342,-0.8959179671250435,1.1383803712281144,-0.1748560740326964,-0.3030515563925375,0.714327160827054,15458.3,1
536369,-1.000567859000135,0.1321125762714988,0.2213502999822854,0.577969773588789,0.0613537301147354,0.649495698097549,0.32759956460668,-0.3269674971334897,12913.0,1
378586,-0.8071294461374507,0.3916962948826112,0.0199221585556533,-0.7496154638738729,0.8910854381547407,-0.2917244426716537,1.423304452473683,0.8354191748563335,19589.91,1
558463,2.599199263414968,0.5035268915774673,-2.3230949360903512,-0.7223827986406642,-6.450353017960277,-1.0750482999624311,0.3498809024854172,1.534445136055664,13515.77,1
520439,-0.2694459759439195,-0.12164804753008,0.4488163953965932,0.7214450606634264,-0.1224250897646161,-1.4594520433872835,1.0425499871791033,-0.1861180510212528,22573.83,1
500886,3.3169906911362323,1.2817014013857264,-2.4536781624003807,-1.286308060478399,-1.882519452187044,0.3880738502909511,3.743569178784727,1.5105825101734702,20730.75,1
402195,2.365681843493753,1.9646340870848764,-2.669238736201562,-1.835244860566736,1.2699230508345467,0.752444258322176,-1.6638030210169628,-2.565829805775641,23293.12,1
439231,0.4166208284151003,0.6554524826719591,-0.7398689930508928,-1.0867183246223235,-0.1313174588280179,-1.1648961507172289,0.0235231373038244,1.311976737828028,8490.76,1
376652,0.5968512978988909,1.081849836395701,0.1620779769133373,0.6608959152023848,-0.4496439686913701,-1.112502358842308,-1.0671529780786742,0.376691782557207,10037.48,1
314436,2.096218087804728,2.336504919350252,-2.2319046821615958,-1.3167917467961403,0.8585815407742787,-1.7190255724787833,0.1582184431543553,2.9464921679327767,5135.26,1
102445,2.599199263414968,0.5035268915774673,-2.3230949360903512,-0.7223827986406642,-6.450353017960277,-1.0750482999624311,0.3498809024854172,1.534445136055664,5480.83,1
491607,2.1234956216102088,1.6202474309697843,-2.5762064442881187,-1.863691273607008,1.731176232456627,0.8073452360964435,-2.2202434678101635,-2.4273977272090894,16710.96,1
322408,0.437092538336817,0.4507890006077418,-0.116905695270968,-0.4149079154346405,0.1462319948940516,-0.4105050268015386,0.5840600281839747,0.5307694665161256,12708.3,1
359881,0.4219189879528767,0.3042857713780654,-0.4103427484197051,-0.5276022048433769,-0.4251058063434055,-0.6957964058164287,0.0883036198121282,0.1452457827820967,23465.05,1
436776,1.132512434164074,1.6457828354511834,-1.6985045165499837,-2.298909441160037,0.7112893786395216,1.4454587848517713,0.4689071666717165,0.056733064873524,12477.03,1
473843,0.0533917091895893,0.9498768535792846,0.7274443126120925,0.0444524780625584,-0.6603195550099581,-0.1544014596962287,-0.8807272061011642,-0.479301299711272,19558.34,1
450851,0.0164836303719672,0.2101003247821072,0.6402461114673211,3.702928951765175,-0.8625934453318311,-0.1762465605214018,0.6418375892982751,-0.1868634051922184,6202.18,1
517129,-0.0394210306329755,0.1635270410539386,0.8763647327940406,0.4530591322421326,0.0701962013127756,0.2892859862871871,-0.2109603002711716,-0.3381431135151374,18615.64,1
382410,1.6654784912941234,2.3528421210375807,-2.062471188288772,-1.3896941852517677,1.0062985623175769,-1.6931095782364716,-0.3800347302618689,3.0640364039516883,19288.04,1
483077,0.4757584397422971,1.0630185700978023,-0.5116094505329679,-0.6820091727471295,0.8402818565737292,-0.5320089959329338,-0.9791651127268808,0.4373118545544224,22306.23,1
532468,-2.1736292577889724,-0.0044798216533856,-0.0754979124395161,0.335760999294691,-0.7528391835624743,0.106062548670542,-0.4386598924769903,1.8061064762159635,1875.99,1
291572,0.4272518085818522,1.0502914561176235,-0.3254466685598607,-0.6185139639839077,-0.5964091134938649,-0.9627301761898392,0.7141205690120678,0.5992583837616057,14589.21,1
414479,0.1072258114318665,0.5195681672687029,-0.1239715934410232,-0.5288266236421367,-0.4733319851820489,0.5152413435036758,0.3425141120306515,0.4644449415682117,768.14,1
376150,1.1563248157412849,1.6177957082933203,-1.4188754946520397,-2.2923262093555072,0.0562848506010505,1.3179275936972006,-0.3090546586341582,1.155574313156764,18210.62,1
515924,0.8674991492008864,1.4909469908682604,-1.4736449320949208,-2.3773780765392147,0.1857289486097735,1.2720359591622374,0.0934167834740077,2.1550156204998,5566.22,1
522475,0.0048141541878223,0.8447996837717899,-0.2826419584241786,-1.4472272429143536,0.4263520817747177,-0.7609137904752024,0.4996765034447291,3.118632426951096,16121.83,1
438964,1.3052367861796914,0.739269851577705,-1.0324238987391678,-0.866458949107886,-0.6884470393290272,-0.0553980723772703,0.6476509699040983,1.3822653484459593,1817.73,1
490051,0.5526710293039611,1.367930556303035,-0.2395810248645003,-0.7311635761736027,0.4379217917491594,-1.046126442378341,0.482536591262434,-2.4395493629929628,8123.79,1
419246,0.2118383247173299,0.386631823516173,0.076552842048876,-0.4705716536806805,0.1427378006833363,1.0694954673764927,-0.5126668158033754,-0.4888275873205729,11665.87,1
299465,-0.6056550261669662,0.4823313695766651,0.2296688746854438,-0.4472308862132252,-0.3615450702143546,0.6574350994970655,-0.8239918921702276,1.1410416373481531,7835.96,1
542690,0.7593573728313773,0.3432662923001452,-0.4242547734263875,0.5787048197684412,-1.9180397292286,0.2689976528692094,-1.0501338079716434,-0.1861626693259299,5436.71,1
520788,0.4215592643535816,0.3493889350336105,-0.0142668765634178,-0.3094759636760156,0.423750513071059,0.8219837711549163,-0.4743812676359169,-1.1433573294690629,19231.39,1
513221,-0.0671699767772965,-0.020955229410292,-0.1665183676402906,-0.4114057577361409,0.6703776849601059,0.3258148922216875,-0.4448445793712515,0.3756472588780555,13855.25,1
317053,-0.1941022040013343,-0.3686707317937183,0.835183262881602,1.0999436677541123,0.524516564138873,0.5643937090361377,1.2218672425850787,-0.2789553967866747,4354.34,1
359474,0.7628712241090849,1.028401574915275,-0.647184370188848,-1.1436091742277763,0.9480139425633256,-0.6340319290137498,0.5116271549256094,-0.0268570244342308,6371.92,1
306831,-0.2483172958213983,0.0389415432460054,-0.3524686163667628,-0.4798399413514797,1.2892831029543337,0.2337801379347412,-2.0842089942175006,0.3437933983079765,9361.01,1
448408,0.2205199532216179,-0.0683379302112597,0.0779973590782054,1.3317667336823569,-0.8457306012529542,-1.476464428081357,0.3223540515720993,-0.2258135979577313,5080.43,1
520233,3.326970220195924,1.7858636066810814,-3.424997661681292,-1.4229666634779925,3.653956365194997,0.542945988898742,-1.2361609336174595,-4.947034457627021,14634.24,1
508177,0.7945090598305926,0.8938904209577277,-0.6475227690788402,-1.0722688126237248,0.4089684949703234,-0.7606403396511887,0.0634765612002372,0.7546294058952938,7218.46,1
387908,0.2360170642311258,0.2107079614487971,0.2050864077286787,-0.5954131323220617,-0.8754475068541189,-0.0190546151077274,-0.4773767263489236,-0.8944151404603358,17927.04,1
498281,0.6001065935549824,0.8437784555426673,-0.7037769961249725,-1.2870461144764014,-0.1861236220354601,0.0894194786436696,0.2334174214757981,0.2010088581404245,22312.85,1
479294,-0.3072823863582057,-0.2526374223753513,0.4887911398064057,0.1974061878372295,-0.2416219164094888,-0.7510195213642202,1.0458783669742553,-0.2000464349472251,5380.2,1
568144,-0.383713212860836,0.0804608469983541,0.7025943978876207,-0.4287646416041397,-0.030490846758921,0.5012926109107475,0.3021052856154422,0.1596966294325652,12124.93,1
454713,0.7163613216674518,1.1612471303802905,-0.6806771831341744,-1.1438828248720052,0.6961718338094167,-0.7170667797705006,-0.0239098664489725,0.0293234246048354,4666.57,1
566546,0.1206458604149654,0.2727090411329277,-0.4028017629064471,-1.3229928103141104,0.0947265004987611,0.2727873953518966,0.2664623446548264,-1.2775815645758004,698.92,1
418880,1.1708700918651356,1.5904802141106062,-1.6273933798671996,-2.1439686456291938,0.9053605598449233,1.7172220980385973,0.6460074456424469,-0.4525831942739131,5174.58,1
470481,1.6831094439826328,2.3521746998210227,-2.069341874122001,-1.386821329564375,1.0003941115766577,-1.6940892281957671,-0.3590525498099304,3.0596942177369595,19454.01,1
562473,-0.0293692947623662,0.1709146502346125,-0.0485971574110994,-0.709240952976912,0.4534681372467465,-0.1008575046829332,-0.3786010536179856,0.3928072528804626,5298.07,1
448818,-0.2264038208473768,0.6585710876639354,0.4256488985092404,0.4850918903627281,-0.2728676626536369,-0.2897103000670527,-0.222428916398103,-0.2869939182730751,1445.59,1
501131,0.5923336560518695,1.4292978610232283,-0.5282651609844151,-0.4595095890917239,-0.0818287202855671,-0.7454374981742639,-0.0751775883286667,0.3738450186181457,15889.07,1
355154,0.1038531934137852,0.4737040792504117,-0.0007203099638841,-0.2680087555504806,0.1935272539710859,-1.5593383920191357,0.8739728316458847,0.2449926387616938,7727.22,1
322159,0.1224840190953066,-0.0327367390601594,-0.0331547867366427,-0.6889060084441038,0.7272954645126387,-0.6997693287009362,0.3209216235623157,0.0319769189317887,18420.32,1
523210,-0.7916980925378975,0.0220622218429465,0.5157943336178085,0.1017677658903424,0.4641663082303646,0.7233424054735527,0.1276517654708755,-0.07048461437927,9362.58,1
369095,0.4315974927808724,0.6552424075059474,-0.7418013488432937,-1.0802713278179228,-0.1259147063063476,-1.0867013172955535,-0.0276969689126743,1.137311849060948,2917.29,1
464528,0.538003902334227,1.1182169861568936,0.189702749031622,0.5934320423571529,-0.4633614066506493,-0.4217795657489369,1.790044641745768,0.4366736885551748,20947.13,1
477078,-0.1163225100496438,-0.1883977138220471,0.6016988333894502,0.8099325974863651,0.1054513339954137,-0.6860457365833004,0.3285000241924068,-0.3101713160663533,20860.71,1
291520,3.1618062748815747,1.2605697861469298,-2.3607220616824094,-1.3346674044575286,-1.7381251147022063,0.3457407339432883,3.520049931858444,1.6094740963711445,3773.32,1
498714,0.6723728629491105,0.8386713444169261,-0.5865382260472648,-0.9618178759734743,0.7951131890143046,-0.7587095674264936,0.3404867239720193,0.9079410296159052,12138.67,1
406378,0.404201490823057,0.6558658651100266,-0.7332876142398521,-1.093005790887655,-0.1331368897284831,-1.2410823573839287,0.0810472291760116,1.4779433164408808,10176.58,1
461921,-1.2656368619540546,0.77539624491195,0.3497982392594402,-0.1984056939808654,0.2322633519731469,0.1137153297192341,-0.8524236395632125,0.4032404584766267,9513.06,1
562910,-0.0162529982209308,0.4379471631778193,-0.1206478640228118,-0.4464182599538013,-0.0612084900298608,-1.0046607147903244,1.06002434988401,0.3655354901544806,14399.6,1
373880,0.2069594674677872,0.0540079969996997,-0.1031509705551036,-0.523157879059674,0.1281291056126821,0.3398745417832381,-0.2794115361528866,0.2967958481724483,22352.89,1
524841,0.4624969877383552,0.069092690722829,-0.3740524966744369,-0.7710212611223629,-0.2254478477726694,1.0637652185655329,0.0027992989526298,-1.4780431962590943,4673.23,1
286997,1.317799337633133,0.7331103418114606,-1.0162061434652554,-0.8681512684700645,-0.6581022264138519,-0.0769581502851699,0.7278640704499656,1.381849585418837,9062.36,1
490211,0.0450228829391137,0.5815922185848281,-0.1469408209748644,-0.5611664993961942,-0.4831356229344074,0.4386858818635648,0.4591006282731489,0.4630717515422329,18536.86,1
556809,-0.3072893471313286,0.6588756292306346,-0.4132069005722236,-0.7464060643164463,-0.1945545951022567,0.4580935320533842,-0.2796553144341845,1.4830094270508327,17060.41,1
554007,0.1181609191602007,0.0133791921110122,-0.2676325020321288,-0.67308820548273,0.3939330940338335,-0.4073531713464278,-0.0456942523811257,-0.1851545683126085,4661.6,1
532465,0.0643504675245307,0.5971829126579414,-0.3243421710593587,-0.7958097878638575,0.1847703906438885,0.2163942348801673,1.0168807001078994,0.6976584343105192,2711.0,1
488748,0.3007756747886634,1.0213350777915509,0.0958471740526696,0.059165742818073,-0.6255589413600684,-1.3221304875626745,0.5647934183657108,0.3600609524228806,9579.18,1
566231,0.940019114985984,1.4592400131670047,-0.3308616885551805,-0.0396743455961422,-0.4702084386618835,-1.846478701446168,-0.0155605155058758,0.4512337465585233,21786.21,1
474715,0.1829255281489655,-0.4554846193523228,0.2989217526004655,-0.0597096915667248,0.1316122454338986,0.0437076360132364,0.5312477613237669,-0.0010036314098399,17316.62,1
566384,1.2389918238309985,1.4573937010085043,-1.7538430302169454,-2.055248038252141,-0.3466575970881288,0.9331267725596382,-0.2961965113716358,-0.2145691643906322,10118.32,1
312820,1.5563035446978233,1.4925311779243975,-1.9123851146144508,-2.0200093448433445,-0.5950276472058514,0.9831635816605966,0.1988809238460102,-1.7999546707260703,11646.28,1
552275,1.3702220702383732,1.3522386280837506,-1.941248992195816,-2.0812470776078813,0.1815908410998827,1.2341792012804802,-0.2066450063860954,-0.8922907701934817,16417.6,1
390055,-1.2019002240184589,0.4233957773088325,0.148381581090728,-0.1713078033435934,0.0850266314674198,-0.5337755650515605,0.556843923574838,-0.0995617877931086,18577.42,1
489936,0.9137175284561622,1.5509431592941487,-0.3680218530212808,-0.2224341511885462,-0.559694386310093,-1.2567863807186743,-0.1031994160907808,0.5341255848743549,15544.91,1
450612,0.1079051775610847,1.0165505477459968,-0.65163540225836,-1.4482360565823589,-0.7350870724591076,-0.6454555141704553,1.1277647511961466,1.54759564677406,9670.89,1
470695,0.6764984246218264,1.343823821867394,0.0144602513561983,0.4751350486772249,-0.4182431398745497,-0.7352678797018931,0.1365302750713161,0.4728272563772742,16965.71,1
489409,-0.0098902518338531,0.1505019155411685,-0.0423166933630857,-0.4102157523385791,0.3787806859001315,-0.5550576347707474,-0.3643453735223249,-0.9584732686505574,20413.8,1
462055,0.1237768993290508,0.8468761639282409,-0.3031182604193023,-1.3674864453196318,0.4073878115827578,-0.8228256209629072,0.5656218532849211,2.7430267342587085,4956.34,1
528669,-0.2013436194756467,-0.0988144949792176,-0.4440228931274457,-0.7615157404269406,1.0206076617923805,-0.2089668925494912,1.0443031240414935,0.7251798483764444,3769.27,1
510638,0.3769408519111292,1.1525326860702203,-0.1575244125799212,-0.3928853422097727,-0.5777865651488383,-0.6453838691399264,0.6829839206091116,0.660818942941597,6575.63,1
331743,2.284597328464057,1.1862274055850062,-1.8910221619905327,-1.548866764512212,-1.1192097166260204,0.1907268460788633,2.028727785020825,2.1628600558805733,20443.99,1
400874,0.1284145464244459,-0.8520278337464097,-0.1279779412520103,-0.4459542357735097,-0.0756699365173733,0.4976654026355537,-0.0861684611860049,-1.0929724918040686,5056.78,1
461787,-0.1246230676216283,-0.0149274271450514,0.6366149720169243,2.1659657701273294,-0.3748718619851698,-0.1472772976336614,1.1384012811679427,-0.1730804916737155,9343.01,1
432855,0.3861362987712021,-0.6732742369824826,-0.3011681331834447,-0.3334461081744123,-1.367062566160148,-0.5490754813602781,0.5490690857461842,0.8375824595457607,13670.25,1
309064,1.4545915473596402,2.124225785117541,-1.9231908903932355,-1.941043020784027,-0.2829923114702537,1.108667641604442,-1.2449414353955486,-2.332969509120689,8948.55,1
421792,0.3249002062309891,0.4479763008268344,-0.1876131657658158,-0.6451915854951105,0.1315763999909172,-0.7960899795294785,-0.225452177783396,0.1628865546169985,7268.15,1
403637,2.849625785063914,2.33001776326498,-3.078895206180983,-1.6288364105715245,2.9500842361694946,0.4879431130579267,-2.219812005826136,-3.1908139336462558,15607.69,1
461703,-0.2702678792558972,0.3413181600658788,0.4284851232272155,-0.5470247508189834,0.2578073893917209,0.4810488598626736,0.1767263681682851,0.0664655565789059,6013.25,1
377940,0.4926027314438701,0.7403414660841036,-0.6546283845926024,-1.1995616526000898,-0.41437273668281,0.4319259289965382,0.2400284869814683,-0.3823152446134049,18348.05,1
420998,-0.3072835871524424,0.2771498383306058,0.3924081496820861,0.3713348334389527,-0.3159744357772547,0.0616388369868233,0.5367863739215394,-0.2143084839144575,4101.36,1
335430,0.028925322118907,0.6748852131817303,-0.174373624000387,-0.55852986905605,-0.1887038818943428,0.2413425995324833,1.2400545484750336,0.5004050411598582,10732.11,1
391550,-0.9997167986894252,0.1756688303449141,-0.0415593452132561,1.0324784866635257,0.1781134335593518,0.8420824706924858,0.231125603564247,1.191393671310233,14001.39,1
335147,-0.1294043958797743,0.4548585704492399,0.109510334641542,-0.164481976741953,0.9723242237284268,1.9729855850964115,-0.7818160766266433,0.0108787107249365,11476.57,1
348930,0.0572146390442092,-0.1603212533083974,-0.1559547333413822,-0.3315003425771989,0.1650236135144514,0.623721117741212,0.3035126263573042,-0.4878442446658055,5380.02,1
300613,0.8978776951475492,1.4607687675263563,-0.3020997499733197,-0.0526255236719183,-0.4587780742571696,-1.843537107183996,-0.0655860568085847,0.4622153910941382,3028.71,1
541378,1.1117703126716925,1.99877049521477,-1.4406303731321513,-2.091706732067033,0.4638099430155615,0.6248914847198018,-1.4545838766818306,1.7708082593619736,3934.0,1
552113,0.272092868223615,0.6929624349966828,-0.0841008084788811,-0.3682209815887487,-0.3943111306021364,0.1242354285910631,0.0273967438538296,0.5283976631802791,17418.43,1
313425,-0.3673878553359554,-0.1056163630584532,1.292653505975127,-0.1386923159391869,-0.4395938607022747,0.2896995676218047,-0.1856832856847688,-0.0048743720888042,10879.84,1
358165,3.011295520713577,1.2524908748288357,-2.2899461194087096,-1.372520990950876,-1.6507745105977685,0.3404176408490147,3.2434101861282647,1.69679382139685,15484.6,1
558941,-0.1119082364585092,-0.2423185620440956,0.6193560316646606,0.784324343809268,0.1319889163975315,-0.7372713353672969,0.3125674615421611,-0.3183353182409165,22452.58,1
485004,0.2911411514588352,0.0256522374875534,-0.1187225715994726,-0.3542910008523719,-1.2206565321556395,-0.3310570598092408,0.1689692934570981,0.6157413399605448,3522.31,1
316548,0.6373514342775777,0.3063784902072301,-0.3475732429112201,-0.6435496585793629,0.6364669475656969,-0.1084524086628881,-0.984082916773957,0.3922095931497641,7533.12,1
359520,3.322303897763457,1.7764240510233225,-3.4189150920237377,-1.4313704412259731,3.6746002327025495,0.5496316561181502,-1.1907447272485647,-4.912879785128482,14812.87,1
383310,0.0997515280608177,0.1341123145749486,-0.1068612776480503,-0.5149176884712648,-0.0758701042570415,0.7063862063468248,0.3964581558562554,0.138496387941966,22159.74,1
289953,0.9839001287013236,1.935095459815471,-1.468029071410468,-2.1693359127793705,0.6230583380674349,1.0448246674123998,-0.5931192499958955,2.097330599536736,7030.11,1
303260,1.5609031077586568,0.7667260168433574,-1.208204103869404,-0.7870569524685195,-0.8838227215759429,-0.0171158809760948,0.9715778587389746,1.2517415015649629,23952.34,1
292988,0.4959508597193331,0.6385983135667458,-0.6014459246173633,-1.0781547762564283,-0.0159722581208141,-0.9391796158910644,-0.0294796635337186,0.790027994140867,14786.29,1
343288,-1.0270469408650027,0.5988451281038171,0.1326685308707747,-0.2156947777240387,-0.1571966694343165,-1.5724842756838002,-0.4137483527013302,0.4254097753528384,5085.57,1
480662,1.7518212285923431,2.3495561198147845,-2.096101188415156,-1.3755574713742569,0.9773370769024456,-1.6978936413341117,-0.2767363527692478,3.0428954892814977,16260.08,1
412537,0.5788847665360528,1.0842006540929277,0.1699594855099133,0.6510556917323493,-0.5155381297750851,-0.8289058217069015,-0.8315772397332372,0.3732410083733141,11725.92,1
428511,0.342697443152801,0.5538795910685693,-0.4407010712441981,-0.4936360054240019,-0.1700708737093123,-0.0855031191222157,-1.86242594505612,0.4859716917796571,6060.18,1
528678,0.3514299219892297,0.5814174420353696,-0.7254590932813145,-1.0188859273799438,-0.1578899807013312,-1.0976342118001354,0.3533701231926794,1.3727223222086102,1149.98,1
394185,0.4294265374465272,0.6184874103904575,-0.4699840676905891,-0.9718441006189036,0.2592046512944476,-0.3437237547485434,-0.29504234267607,0.1036093183325634,10643.81,1
452120,1.1830205774465177,1.524593325290292,-1.6099841520388256,-2.1458239586749768,1.0820235259559017,1.8360148948363657,0.7946704488396087,-0.6300775725239319,10938.54,1
413303,-0.0603224563445997,0.1934195310126494,-0.2149088243634811,-0.6866793168093819,0.2568430744508771,-0.9869889050190214,1.325228296102078,0.5211972649833349,4307.5,1
437749,-0.260761692964732,-0.1035799958223766,0.8751148135040757,-0.3596098540132087,0.9626709848195948,-1.0218907603499514,-2.304917189018989,1.089645513181049,14587.33,1
332170,-0.5437106539069896,1.0131151547276014,0.9717161267488642,-1.1755310725644497,1.2884792936010048,-0.0955057084489702,-0.6199646241914004,1.9489330826946367,10118.69,1
485196,-0.0022620987853648,0.0928179728524842,0.3517485548162302,-0.6134519563668461,0.4950214793194501,-0.7621133178826839,-2.2163215732195685,1.0533496888980896,20120.61,1
358605,-0.2836195733289252,0.7204133140838693,2.5542177192838347,-0.0882044914882451,0.2029838566595034,0.0464995596349963,-0.9702968188740336,-0.1675999470246154,9979.55,1
522192,-0.0472198022214664,0.1586744001248261,0.57068583640025,2.6837075603481555,-0.6309306798306086,0.039980994669203,0.9995893905011376,-0.1156221498227565,19231.62,1
422921,2.5003723090844456,2.192127072087343,-2.803649331411243,-1.957773629346298,2.385199447605066,1.343448603495248,-1.7212584111684222,-3.1697153165184,19333.46,1
330430,-0.1621357019820544,0.6455373765052497,0.43543188653412,0.7302414577319256,0.1644105800213889,-0.527648910657261,0.2616033003338048,-0.228015016578519,7123.97,1
424754,-0.5340698858840405,-0.1611706198524516,0.877381741692235,0.6894635005559275,0.3145142458196814,-0.9835701824278296,-0.0006741843329189,-0.2872763825109243,19273.57,1
436033,1.698375041002254,2.3515907600575834,-2.075268057173371,-1.3843345323920146,0.9952989790340674,-1.694913488607166,-0.3409195140588753,3.0560903876060244,20807.46,1
375328,-0.9003692679038772,0.0519987422631239,-0.3779794281095557,-0.7289460448812053,0.2427108177939519,-0.075197385303435,0.3595329508220642,-0.2636655616091831,4848.89,1
373437,2.5917130564607502,1.2094803018804383,-2.077742182687865,-1.4857644536862646,-1.3450939342189032,0.2934883019701583,2.4734466361604546,1.986563746672768,10784.27,1
290571,0.0002152523666348,0.5222742891509831,0.3894985801711823,-0.4395384626461686,-0.1359057841759395,1.149965182080956,-1.5002098015962098,1.9827394665637312,23264.52,1
498995,0.208314052961846,0.3851187748274755,0.0754795962025305,-0.469269976607247,0.1465870849643121,1.0702222790867095,-0.5071825183783046,-0.4456078447348501,18280.5,1
483736,-0.2230400285815833,-0.3970427133770544,-0.0146509011874153,-0.5371598495657685,0.2838092884823723,-0.8378972239122744,-0.0163794508288228,-1.523965599243965,2242.74,1
406966,-0.1643355554562735,0.4765154165341367,-0.1478143166730868,-0.7804204572365665,0.0256178706889695,-0.1232508588564741,-0.0978934472860092,0.8192443181989889,20256.75,1
474354,0.3653605265152421,1.0862431952031526,-0.2875408339247491,-0.7441123745879511,-0.6809241157169531,-0.6241233485370355,0.2810511754845764,0.709236810459193,9694.48,1
409478,-1.4579817948680864,0.5891544334980531,0.7886802772349085,-0.2798593260512165,-0.0053559438792609,-0.3229964829466424,0.7731126794578118,0.0225515557856438,5735.97,1
409675,0.9637722774720164,1.0513871241346446,-0.8270177776251275,-1.2387902976070515,-0.329422048359575,-0.5023738158189132,-0.0470912386669885,0.4218984966006441,13755.39,1
317249,0.2845268588903069,0.7993967956386036,-0.5974888180518665,-0.7154845522579395,0.0820331208489356,0.3179055499152622,-2.9445504681006542,0.7284672992379828,13144.34,1
414553,-0.1686644062223322,0.4058349899431763,0.160482987787375,-0.0939143266952722,0.9352609388250032,1.905796245278928,-0.7599216605802585,-0.0391286884105986,16504.02,1
462711,-0.4903435643581895,0.3897371739172233,0.3364383265690334,-0.6607464625489289,0.1412948233454489,-1.0981940951507223,0.4005193548497976,0.277601930474702,21894.11,1
492893,0.0797858930174309,-0.1544510802237923,0.2445449888979331,0.1675240235305215,0.3356326566786288,0.718032425964181,-0.4390825358970561,0.1697362157692801,1557.84,1
450215,0.1349494654466294,-0.2282971766935275,-0.1811195495469481,-0.2963431994380712,0.4551856332458046,-0.646340206907131,0.5068917249868503,0.0816822995263934,9747.24,1
415067,0.6522114779901296,1.1763596249259984,-1.4797685837059475,-1.4117555738912977,1.151418716868791,-0.843854120414893,-0.2569584784971462,0.0026552732184449,17420.16,1
412898,-1.4565326028917036,0.3230707323514577,0.2403985191919178,0.1580709930510548,0.3849387890055173,-1.0169608807880373,-0.7554510607825409,-0.0559250788634102,12487.14,1
399822,-0.0708444740563026,0.1411634757055035,0.5430498589018665,2.656814176923121,-0.759132208530732,-0.5788901107367604,1.014730817952531,-0.1240093494439242,12610.35,1
411591,2.401073619896225,1.983663419941842,-2.7006285294366736,-1.8067492543819397,2.426971145682129,0.814098550047635,-1.2477638199993164,-2.651381816158067,8268.0,1
548384,0.4880408151976575,0.994794370199732,-0.9920238128899198,-1.3752144698810431,-0.3776757810120005,-0.6435661928058797,0.3290450116215057,1.6398735597523526,16039.17,1
448112,1.5130995307603288,0.7607536193949264,-1.1776448616684732,-0.8028068248036456,-0.8468623072436261,-0.0231938386137121,0.899684944524948,1.28248224768395,1295.86,1
546008,-0.5230604018989287,-0.5340233094379232,0.4871090898662528,0.814012044269651,-0.4624385594696083,0.5031382724075888,0.0761954137485035,-0.2561972998486052,5661.25,1
564217,-0.0443215669036304,0.188670049024948,0.048204688375311,-0.2760957203596603,-0.0107142023430633,-0.2360319355610241,0.4392659957235764,-0.3172622063601054,12179.25,1
558453,-0.6441877694494631,-0.2317495496561608,0.5986210247743938,0.9620120826127124,-0.172653587374141,-0.486025846854923,-0.1783560028926147,-0.2010133700039644,19889.93,1
284929,-0.0943739171795577,1.4042641916811234,-1.6015704455619757,-1.3071735398000868,-0.7541446928005447,0.474268688036745,-3.75002083516089,2.4772413756883456,12158.45,1
437493,0.3594674708386333,0.4147644406762135,-0.1727289428274962,-0.2476617412558419,0.024665122191444,0.0720249736379566,-0.3271341552425051,-0.1917795987355069,3246.31,1
311663,0.2121210827909234,0.1752343537566711,-0.0320234903239668,-0.8595538280703289,0.2374213609455504,-1.0002714292257084,-0.2838716245066542,0.6639004583610013,16567.84,1
471400,-0.1443096017994851,0.1428421696660109,-0.1841266111262478,-0.6928894086153142,0.3738354406413229,0.2943177985006895,0.5031093244027243,0.4570629209487348,1389.29,1
391594,0.3386950970655288,0.3391348107919091,-0.2660787705846035,-0.6468191208732139,0.929725547288732,-1.120146177876841,-0.5073445503476329,0.6568870752370571,15370.39,1
536357,0.4469716059947073,0.6006310980796162,-0.4404406976701207,-0.6654346212244208,0.7349264222253987,0.2936120289702,-2.112692920955592,0.4168604047813687,9816.3,1
303477,0.1112453720239235,0.334726517025442,-0.1617826787877546,-0.5550960894659085,-0.1123044213053456,0.0588565045873539,0.9473853319186908,0.421788051761779,9735.58,1
396213,-0.0128986511695087,0.2806208783381225,-0.0898741466561958,-0.4660819664225324,0.564210245203654,0.2229772342826792,-0.1309013818896259,0.4171716377359552,15038.2,1
368741,1.4870481742845358,1.4923629706330357,-1.828654251972166,-1.7609987254493655,0.5444587195341148,0.9161452432603944,-0.2495473466126085,-2.2519955371473404,789.31,1
376987,-0.1446648531869961,0.1951339534943783,-0.5333452031594336,-0.8985518951607127,1.2905110437747882,-0.4114990992977589,1.0674183153520886,0.4735316922198934,20153.06,1
420864,1.1090162611341918,1.2549623692518126,-0.3175007602238126,-0.1963055050893643,-0.4363912205599898,-0.4862279510698507,1.6392444591314754,0.1753246071324975,10921.02,1
392624,0.9435251612978286,1.267638097839929,-1.483882885290098,-1.962689563336241,0.2419915944320728,-1.1382434868027238,-2.1686101845492707,1.93654784947255,21122.87,1
461564,0.020254436024075,0.4976030005394633,-0.2112870777466076,-0.2807314529084104,0.2129987151355825,-0.3690200709085737,0.8290642964626058,0.2333144489389524,16348.17,1
329746,0.1127636544144912,0.067561545733814,-0.2190956196139544,-0.6296747988131584,-0.6339949811182004,-0.0819832982430913,-0.031100959061264,-0.1452281860992796,22398.47,1
538984,-1.8980792032115053,0.8327945906952751,-0.1665893075610105,0.5882542351739632,0.4659277104595015,1.658030399852305,-2.364892391542274,-0.3458184709066294,10440.7,1
483959,0.3197140584289901,1.0189782974694683,0.1228094845651754,0.0666841602409345,-0.5478053745902846,-0.8398079311536988,0.7235467789551113,0.3543246561699633,11168.79,1
482465,1.4483367929557118,0.752610556753424,-1.1357822735649767,-0.8239193068840973,-0.7966361296257993,-0.0312207649172359,0.8026211660674194,1.325003746759068,11799.94,1
525321,-0.1894424493958706,0.2895662080997884,0.5776821797634222,0.2464548910277058,0.0983286369573598,0.7074397517363056,0.1697262395378201,-0.3658563665275625,171.66,1
534514,0.9876727842351672,1.949042331249072,-1.4644397857193718,-2.162111547673754,0.6548823101417198,1.0306347813395305,-0.6132398121554362,2.1136168827642647,20882.5,1
410940,0.0116748877431284,-0.3116653843008609,-0.3953134589301995,-0.4343260159109057,0.9241929265243836,-0.6103579438179206,0.3302041126208567,0.2595605593426315,11527.01,1
548127,-0.0378441567110095,0.854497030749476,-0.4896066054870141,-1.2577515982120009,-0.5292616146119151,-0.5556776207807662,0.8644678478121368,1.1670584822384076,4760.7,1
446337,-0.2483199895717183,-0.0195857075822123,0.442589043304176,0.7966187874876599,-0.135567357973754,-1.2001440108591797,0.9336134796156752,-0.1922165975771253,14599.89,1
436538,0.9206276514322572,1.140677202978055,-0.5787201994659902,-0.4977331518621121,-1.0721210259243126,0.1874302612326789,-0.203632613785214,0.2904522892890562,18489.77,1
348985,3.0206423929744317,1.2558668887922333,-2.30406433516916,-1.3682409541074292,-1.674356856874518,0.3549573131843443,3.216579640930446,1.696046467038288,14486.07,1
421257,1.4671238495584116,1.7633018786975054,-2.0078878403160147,-2.0794789951615136,0.3405958174902639,1.5369211166105483,-0.3627747908930032,-2.297182358830766,6903.84,1
332627,0.0688369699057069,0.6486096194957454,-0.156276937423981,-0.5325367159073783,-0.4994294706155842,0.4524139216496464,0.598799978113246,0.5017484742036589,12945.99,1
489106,1.4787430147541476,2.252399951270854,-1.9409873394071988,-1.4331975761759526,0.749719229096013,-1.623772740453368,1.0924522650456672,3.2372745142965846,355.25,1
561546,1.4098657657248643,1.3965495297945396,-1.5456442821492504,-2.002391379239543,0.9916026933694628,1.0050615750514866,-0.5245659279088722,-0.1155423308919292,23091.95,1
366896,1.5740620080839702,0.7683692382594435,-1.21657917687041,-0.7826914638972771,-0.8939936627387152,-0.0154287374985985,0.9914404266319524,1.2433211213415771,540.33,1
295908,1.113811204009226,1.25377676194804,-0.3174388169443949,-0.1971880561926672,-0.4329111042815938,-0.4846031022897978,1.6370070869978268,0.1191099192633059,2866.72,1
514616,-0.0763842677929981,0.1428057944119949,0.1903525368391524,-0.5072344735173362,-0.5762239182549121,-0.2146835015945656,-0.4699418554288207,0.3318571149629016,18211.58,1
300720,-0.4026011506887043,-0.2010853333604123,0.5281580887356782,-0.1461783158128572,-0.175988343212219,-0.1173958820116232,0.4782134289312896,-0.147057649800876,17116.95,1
537958,-0.0811908903590496,0.6380051781749283,0.4606335651950116,1.3525594142050243,0.136885254663033,0.501623572585683,0.3806291730955505,-0.223160255840678,889.99,1
432584,-0.9914242949784888,-0.0885009179121558,1.5406923305059297,-0.0999468023811438,0.5962596405729552,0.6623302341360996,-0.3287855066770594,0.5914847468593852,7500.46,1
445543,0.5398683288364198,0.7977297896452008,-0.6327434141732385,-1.032571053406709,0.5816349602793499,0.8804553774188305,-0.3828875211326898,-1.4572633223135316,17473.73,1
364069,1.5043388587601918,0.7596576812789001,-1.1720188977729178,-0.805675736661071,-0.8400842660578827,-0.0242973584642085,0.886547806497351,1.2881519041143006,7302.38,1
528061,-0.1317221322188832,0.2860987599548132,0.4684697416738077,1.0057862347854345,-0.2254744303787123,0.4990464618910178,-0.0176076196169967,-0.2785877872579743,15570.46,1
352849,0.1884712625095717,0.0429369891979943,-0.0798324993609077,-0.6057514530485374,0.010600721167131,0.0659391044045778,0.0273038297441897,-0.0101194393291837,12539.05,1
550889,0.0543710805582092,0.2744113524817398,0.3824824889259655,-0.5778006344615731,-0.7431909808365111,-0.0077792615563519,-0.0910721926034056,-0.0192769405258114,2539.36,1
318354,0.3639295448308746,0.9843916300102394,-1.109204741614621,-1.404160794972722,0.0832831731915715,-0.7612724663795599,-0.1833709797675811,1.5166915015314406,16589.04,1
384349,0.5236549288128978,0.3087618004303756,-0.3816011878902628,-0.4408078726138305,-0.5526201500437231,0.9643227323050472,-0.0116630801521213,0.4272419465742451,7088.58,1
421704,-0.6009279177767196,-0.2577884736893816,0.7720026320357262,1.047714879121935,-0.0749535323583421,-0.6297531273139211,0.2165854734850915,-0.265066886581647,18738.5,1
413313,1.2495102393992967,1.316679934098791,-1.4210204055670408,-1.9033870107968909,1.0118345125560604,0.8763187191572669,-0.2855335052402831,-0.0018325080855046,5333.17,1
361720,-0.1904504070242421,0.6850051893053052,-0.3139423150960434,-1.0525454834893253,-0.3180875649200225,-0.464620468323379,0.6043311430317702,0.8049664997856207,23434.69,1
537379,0.4299062685146566,0.9908086551328432,-0.7883422296152262,-1.625685752623785,0.6427067935801384,-0.0108073684603651,-0.0234775346742326,1.6202979290661856,2026.25,1
334991,-0.1376646374409231,0.1509909273476919,0.4943613634935204,2.5148357250937026,-0.7837351664029332,-0.2924820753793405,0.9675702484712604,-0.1644101047136903,4923.7,1
348451,0.9432571529986672,1.625718892958804,-1.547994154379852,-2.2932736259148028,0.1299960641485857,1.4101834877502604,-0.0377829849161295,1.3880195557664117,3973.11,1
415590,0.2029824316254165,0.911452179928282,-0.0490092952332115,-0.0269256485398935,-0.1061170062276139,-0.1904348703378396,-0.1129603349468662,0.3023995896170349,6687.98,1
454110,2.541464497815011,2.224674580273589,-2.805345240162464,-1.9025849915673037,2.58182733496871,1.19304334892514,-1.3916332224585628,-3.0722697347557157,4207.5,1
457835,-0.679575469537168,0.3706809928374598,-0.2959598684471388,-0.412812117766977,0.2069749063558794,-0.0378182564830306,1.2679604364352815e-05,0.4557012335853786,16032.55,1
363624,0.9682280037090456,1.4643945263573324,-0.3534915074225911,-0.0223358415506541,-0.4852769649974474,-1.7896707735994035,0.0218954887109219,0.4216865996692358,1006.25,1
463078,-1.7988167581605423,0.0667885636935519,-0.0647525353115263,0.7306831158713317,-0.6391919071910456,0.442391215062683,-0.25093533554547,2.067510552556293,359.67,1
367133,0.5164136640167757,1.1071384139477407,0.1267304236404338,0.6612625551783667,-0.4305914243612254,-1.0834299764099635,-0.8917523678903475,0.3729698247247454,19839.55,1
417870,-0.9775631333179976,0.4151367025263063,1.4781915153422092,0.6274296455391533,0.3118139412285945,-0.1383668732777247,-1.1628814550286348,0.0398948075624953,4451.09,1
522291,1.1165192652028268,1.7728397750338718,-1.4821290125680922,-2.161016659748382,-0.1117951464159097,1.3281351378175408,-0.8385597203697579,0.3676690997769096,989.07,1
304982,1.0857232417289284,1.6546382730717832,-1.1954639018747149,-2.1706279031185,0.0368488243258635,0.8290581281961925,0.4401796736760274,2.2179775763724687,18817.04,1
519685,0.92674635429009,1.5337673561883998,-0.3635261836396385,-0.1815116668374388,-0.559589662988823,-1.3736044424230431,-0.0738034292981307,0.5823774050774331,6114.68,1
303766,1.1816440362437943,1.8496635460952835,-1.1015068292729675,-1.6936257871135818,-0.2050818321486177,-1.882268280432407,2.180888145496895,2.9529515422960086,23872.85,1
382787,-0.1027082263799992,-0.098454445534209,0.625982444871908,2.3580848604955325,-0.7816586282882328,0.5537042086692902,0.6760016130144006,-0.230785500508396,6881.8,1
337245,0.3729696778798517,0.9911316670983163,-0.932434429303176,-1.3946709135623832,-0.343565522102873,-0.7167532744152346,0.6220867564321182,1.4754696236015454,4597.91,1
444990,0.4016239409462746,0.987527273763568,-1.0744105998107,-1.3954746918924914,-0.0591427207763915,-0.7260359600987388,-0.0310704793051377,1.5536059591070115,19335.43,1
340811,1.6528075864267038,2.3533296860900697,-2.057574660754584,-1.3917418784680482,1.0104970243037792,-1.6924498197951343,-0.3949216774757714,3.066877272045525,14914.95,1
449275,0.9019865908771512,1.174145804629557,-1.4488546151268342,-2.0088710935098133,0.1650423152863482,-0.8662482874966302,-1.4767130633021657,2.182730805965397,1369.96,1
512315,0.1718920868484887,-0.032907660933834,-0.2461495691852031,-0.860015440863069,1.0185048616139083,-0.6277865273895095,0.3715419831458096,0.582665898050509,4028.45,1
316132,0.5031157065126177,0.5701027880953466,-0.1186850439642091,-0.8361092700692984,0.9911350243575192,0.0542531274787289,-0.7464502064900608,0.3973202026251751,9163.12,1
354193,0.4973837118699443,0.9371013185801228,-0.3808218391821923,-0.6476882229506333,-0.31981754818008,-0.7944459427487693,0.7787616187291887,0.4147452360087992,21547.13,1
515290,0.4659281752080628,1.0897186913676364,0.1775318057888326,0.5721800007215254,-0.804169373318501,0.5861060171074401,0.5358102148972443,0.3701267816196134,9935.26,1
490449,2.624069331436119,1.2132891177257703,-2.0952038317259323,-1.4769830594415545,-1.3709270281040191,0.2985674962084127,2.528578030741261,1.963866146973752,8151.52,1
491882,0.3513652543173838,0.4692597846293193,-0.3456520290021393,-0.2069662929071101,-0.337194954617909,0.1592635012510543,-1.54988681116262,0.3424943888433327,12532.31,1
397615,0.3883486972362254,1.0999306752167142,0.1099207070352107,0.8446099970906706,-0.5448662698852467,-0.8074079466994313,-1.1687429580140345,0.344461425171274,21011.63,1
334632,1.294396906098462,1.7827436392415237,-1.1248187542340202,-1.689581558472825,-0.2910194154491352,-1.8926153655905007,2.7083535272570702,2.7226479806566006,16020.81,1
458144,0.3157742927338614,0.3307373445667874,-0.2726993222018341,-0.6481149616574307,0.9243726068233032,-1.2301561911698948,-0.4566202330009471,0.6693352508222478,4305.56,1
522382,-0.6827523106672798,0.6374402181083759,-0.1682360472888203,-0.6991476474766545,-0.2058040270907405,-0.572097669176741,0.7498804602437839,0.4070785091370329,23558.82,1
343586,1.8409757348877496,2.346164682952764,-2.130994879775977,-1.3607156840392285,0.9470984369304308,-1.703032902646273,-0.1677760161386395,3.019896451673554,7935.0,1
501285,0.0892251172343988,0.2074795790235741,-0.3672621762424226,-1.3319139112529603,-0.1710688458720884,0.0351481972611983,0.1610094474520049,-0.9217638331623358,21307.32,1
557440,0.3813962218964943,0.0191596899115276,-0.2795671602552857,-0.6968879718188824,-0.6638132926237422,-0.0919279218069381,-0.5430621540204545,-1.438718089410554,4281.5,1
286994,-0.4915606871518698,0.0722819606217972,0.2345621466757983,0.6626952840519861,-0.3078942614142009,0.9048117939827164,0.4301366348158689,-0.1590720348401342,14236.0,1
348841,0.1377814446849153,0.228674945531505,-0.324060413585807,-0.9790250332483288,0.2448289849436797,0.2903540391437688,-0.2174595969040181,-0.0586802756483357,9379.05,1
382420,0.0736505051523955,0.968470556702692,-0.8727983517036785,-1.4572906018886786,0.0023721045346177,-0.9292153421259728,0.9585519411185984,1.1123000311764435,3792.38,1
374875,0.3167715525040233,0.2475487209664956,1.3213860500492791,4.096191201378805,-0.7672851206009661,-1.009274623398528,1.4716576556677985,-0.550089694995396,12749.71,1
534092,0.5408858237135303,0.6584772649027447,-0.6552667659455349,-1.05187967851368,-0.0323744396005658,-0.7451231274443509,-0.1072127939765284,0.278881846956127,15148.22,1
301852,0.6674733539378099,1.112434809080973,-0.4986419691983821,-1.357203563769056,0.4341502230705084,-0.7299089238689341,0.6736350341779304,1.023331828481663,16238.77,1
483127,0.7611406304158895,1.2288770943766278,-0.8657897504126608,-0.5395833202295621,1.7077909502785489,-0.608065599556394,-1.2674406026533749,0.1392253626693543,13695.57,1
378577,2.1839437323977413,1.1767114903357665,-1.8650075791200849,-1.5842711710795092,-1.0665210094256503,0.253418166903959,1.81185956547078,2.2383422486932987,14006.03,1
561957,-0.4337906722019662,0.3075301616095625,0.401100453926954,3.7122130331904337,-0.5752564173495018,-1.047435849580212,0.525051215851973,-0.2195159993082437,10997.1,1
295625,0.0146090623834117,0.3463137229558119,-0.1802095786525819,-0.7678476268740891,0.1934388496991151,-1.0416248858254218,0.7664394339811904,0.220929162937306,9488.15,1
461716,-0.0381698988406431,0.1345527908876504,0.594806835327898,2.7393057963491807,-0.6410349478990643,-1.798046855127352,0.3780420687623158,-0.1147560298921092,23243.41,1
496287,0.7616946275013812,1.4312655553645792,-0.6789615500242469,-0.8526773227556061,-0.3412133121975194,-0.6234873299343195,0.2043560915570714,0.0506166887451432,23676.25,1
423334,0.0375273114137516,1.4968528403481811,-1.7917072171158517,-1.4120666150754415,-0.8502527105720137,0.5858835097179947,-4.277810255488367,2.8469175829703586,12350.95,1
556834,1.8087227502936265,2.347404798307511,-2.1184144156125133,-1.3660948463038998,0.958014381134346,-1.701217372336492,-0.2072308831894453,3.027927235692993,1258.22,1
499151,1.9955727097346951,1.2096716186066172,-2.5622727752287395,-1.9654515139731183,0.6011416218749471,1.151214598232555,-0.2049609499092098,-3.117574014207671,10035.56,1
393695,0.660289169089535,1.2136698548479408,-0.9576292466018502,-1.2678512602504568,-0.3208503019249558,-0.7012006505793028,0.2410487306547961,0.8700983797324686,8455.01,1
525666,0.1491454863906804,0.1293182282547437,0.2458725271137347,-0.0022264786772377,0.3007531742873687,0.4889401078185136,0.0104203743315035,0.1939314259986722,16860.41,1
363310,1.4452133649368133,2.0469776064683405,-1.903540642740529,-2.015505839794195,-0.3026213949000588,1.190846013183975,-1.1064294025495889,-2.061112146214377,12736.64,1
523806,-0.3572998207187248,0.1806917998380453,0.2909413311587254,0.1979441195194057,0.5323364495121793,0.9829650413245196,-0.5902017892946925,-0.1056014854757771,13454.78,1
353205,2.906490776616123,1.2467422726427582,-2.246354904744393,-1.3983234890970375,-1.5966888685284095,0.3436112568070477,3.01861577471438,1.766026913282469,16848.91,1
478374,0.2651160126662716,0.6338516428213631,-0.217391858953116,-0.3484099774478712,0.0327474841661924,0.5074348537916293,-0.2676330724745705,0.48574136803906,23560.32,1
502258,-0.1332284167270027,0.6056318985699711,0.1930954049277529,0.2968813511197303,0.1067711204873176,-0.7162478969730378,0.1168260916240922,-0.0581886638215776,4838.51,1
468608,0.1468408200112983,0.4708070510031531,-0.3443173825320096,-1.1026059701908757,-0.6869127428783628,-0.5044833843120581,-0.0007087458063187,-1.2790235802194394,1709.43,1
309873,0.1509465484834183,0.8091459009090577,-0.3471165518919326,-0.8543887379658552,-0.0171623633166384,-0.0782031480830816,0.7954517043730023,0.7806745383318667,17745.6,1
551331,2.766629736035047,1.2301446940159244,-2.1718142884621234,-1.4377212779738,-1.4848676408590398,0.3211157037672779,2.7741117350254,1.863731789488329,13736.64,1
407557,0.6526446922022029,0.1585792985478127,-0.3877186842740637,-0.6744038143429214,0.4115238185130562,-0.3411402777134025,-0.6552002198617005,0.2898858714874164,14235.55,1
373877,0.1908602564751301,0.1036945461471758,-0.1163562804693324,-0.5866701162483697,0.1046291538053426,-0.2106696482755695,-0.0936900990459299,0.2691081711411454,12994.28,1
405866,3.306669421277844,1.7880208615798094,-3.4824744920365145,-1.8845337826109685,5.92389520699346,1.018820468319868,-1.7271605686946063,-3.581479347796056,11332.04,1
503300,0.4139259545658905,0.9162292193862336,-0.5180547659220262,-1.2116451928793044,0.1660190029937036,1.6741151333657838,-0.7522900972055722,-1.3295500965565643,8471.3,1
365757,0.4335952213453683,0.7988633605588675,-0.5311838570980378,-1.0294389896002645,0.0029520604088672,-0.1412577982800884,-0.6126519036304118,0.3889732260616981,11690.03,1
521552,0.8131891465466461,1.3014416459895035,-1.4682737421443408,-2.179279099903903,-0.1928633222359197,0.8209296144820356,-0.2092553571724198,2.4091438914979,979.49,1
360399,0.248059412533763,0.5982960425245462,-0.2145384931383342,-0.6637615468020827,0.0087233328303404,-1.0343213204429094,-0.3244762325595937,0.3350939614493748,23835.63,1
313392,0.6228709180084604,0.4391829080050661,-0.3088658932899841,-0.6139571283358002,0.8533895089605013,0.1202668028708511,-1.2894524538972252,0.4908971285218025,14154.62,1
541801,0.9049980163143372,1.5122111473703763,-0.3370860530602036,0.0221513258839429,-0.5227333223726084,-1.3368143856720849,-0.0262377561499477,0.2764966745574989,12794.8,1
469595,0.8374173545760583,1.144859791511052,-0.029071413688329,-0.2346968003526665,-0.4514407064593012,-0.7256995838362718,2.086485607967592,0.8793870722943394,23654.46,1
467266,0.5017553203522402,0.90881645947744,-0.498018219796419,-0.9833307890674856,-0.0242675690319542,-0.1075727590075043,-0.6957963302641381,0.7637805788724067,17483.27,1
520114,-0.2965762774413706,0.2873905057752712,0.1761682596273242,-0.3753879639355504,0.2930639335902743,-0.3212759365274272,0.1436432447036125,0.1383519732135991,11260.71,1
550288,0.823671351423256,1.1337004004641715,-0.1631538442469155,-0.1727985031529433,-0.523566869295114,-1.173723837496274,-0.127804964146017,0.4697830048455405,1462.63,1
505239,0.6071269770766035,0.9722762500790322,-0.6587994272773852,-1.2722558527639871,-0.1210196561111054,0.2324678058137318,-0.0778012825446651,-1.5288268753489245,256.39,1
305714,-0.1512947359221388,-0.3917783013884475,0.6100972100407094,0.7356481390120846,-0.2443622939467443,0.1156130665495917,-0.3252963385148861,-0.2303494095680903,21645.2,1
473769,1.1818708862727343,1.5356920913243766,-1.5998321418086767,-2.1457162925128617,1.0873959497042704,1.840586152070776,0.814539535322169,-0.6006182094671743,18712.21,1
124176,-0.0022463439178522,0.1169594413996735,0.6156865429455355,2.649428877042695,-0.6474587066308446,-1.8682123907269692,0.3636947303245393,-0.1042837337154823,7260.08,1
310175,-2.172054966465545,0.6466771211251192,-0.6023892773218807,-0.5866796303198578,-0.3249821667419036,0.6403032033354569,-1.5978547980641855,2.181720357828041,18599.77,1
421362,0.3940697982091139,0.8518936606933966,1.0761953062877303,4.330719792292102,-0.2595517329241475,-0.7219902088837301,2.1336509896606,-0.2099897870445065,9126.85,1
402651,-0.0488267070637122,0.1556262557820345,0.5701976889675932,2.6792477246957467,-0.6561850190489712,-0.1045968788382464,1.0157520052990987,-0.116182808899696,11152.63,1
302438,2.981012830810504,2.3926670507657577,-3.163729153008235,-1.5525184450318934,3.488238893752565,0.4209509559499569,-1.9138212506260048,-3.342164987429563,16149.6,1
422675,0.2321452837606155,0.6450537134274005,-0.4712277692954008,-0.5270894130941735,0.0159614622127651,-0.6180114124769933,-2.162135036645746,0.4748961631693743,11285.3,1
464775,0.171057955725525,-0.4326303005421102,0.2833082343111628,-0.0726471011519548,0.123537204713347,0.0350406583101489,0.5449503773547418,0.0115835070036465,13483.77,1
323036,0.1860625670282708,0.4040235031491553,-0.0641625835031083,-0.5709400443840739,0.2106906636322283,0.9277655016484546,-0.4640176623308545,0.4434877088533434,20612.56,1
489607,1.054098405038819,2.0564657004763736,-1.4354748031784657,-2.103868001117018,0.7626414263417782,0.8805933750809933,-0.9765555370276228,2.079790438661797,23318.17,1
309698,1.3915324215468454,1.597164312153552,-1.632682588536383,-1.9895058221851336,0.3771002578963789,0.7714391201329086,-0.5398813866836194,-0.4501480978155647,6579.57,1
366707,2.565709724634157,1.206417275662043,-2.063673797427466,-1.492792987238038,-1.3243206055696974,0.2894306534549044,2.429242015659716,2.0048846579957584,15601.37,1
477746,0.2969125523105121,-0.1280664390768218,-0.3001857468027094,-0.5422202615210057,0.3583500042692238,0.2236944299331489,-0.0265186648526191,-0.8530085268558552,22266.2,1
289289,0.3579505149595818,0.4015972200402453,-0.1750558458016536,-0.2653109712969402,0.0153171706014718,0.075590103119012,-0.3201420139128482,-0.216382966044031,17493.15,1
544178,0.5425607846662518,1.112567060806778,0.1820499573499432,0.5672138676721896,-0.4111720007475591,-0.7175261274081042,1.9809148651244288,0.4440783466816658,20649.54,1
513471,3.2205194314071752,1.2700501233680035,-2.4032850647459347,-1.3154258474491247,-1.8049219198740056,0.3719609420898001,3.5671812246869514,1.5775839894896675,956.46,1
504799,1.4240950098214125,1.7627242808775858,-1.145538348803234,-1.672175249460247,-0.17287844415089,-1.9145529413356877,1.6365610805055273,2.5282744196644686,15529.28,1
454372,-0.165008693034826,0.0768008738128553,-0.154376110466837,-0.5207090295226569,-0.3593883007746785,-0.2520926955690198,-0.6174806330135443,0.5068622472701674,806.16,1
332005,0.4390231392593239,0.6551380177262758,-0.7427609599536196,-1.0770616055320743,-0.123228361273431,-1.0475472367571217,-0.0530738679964983,1.0520285897886523,19609.06,1
302760,-1.707102745703935,0.2239494476180961,0.5601938544359819,0.6770173991154063,0.3349602656280596,-0.5022797739163741,0.3599925043666128,-0.5100425200702655,12999.69,1
355324,0.6410346907955959,1.2087448704935289,0.1036624500829419,0.4919323024389929,-0.5930241177165065,-1.2238374889001375,2.500212687318714,0.5380184362153774,21913.44,1
566175,-0.0136587871958707,0.448080726821784,-0.1964680265493729,-0.2195688546187092,0.5474461229492652,0.6944745255667926,0.6420081252849139,0.5947197228963648,7621.95,1
358689,0.2023627332995358,1.036036967386979,-0.0224109095262635,-0.0458700330903943,-0.3108578970271533,-0.8683661544031431,0.2886538094892324,0.3834277003935191,22241.54,1
339268,-0.3505962182453462,-1.130938890720564,0.485842582159745,0.3786619329641009,0.5540037124822346,0.9161012797199612,0.3132274135546947,0.1831768993798137,16084.63,1
290316,0.3973911281983343,0.2766524362886234,-0.8767086818367669,-0.4462500395202313,1.923962299275724,0.4638986098075007,-0.4138034932590261,-0.0655767510334896,7305.19,1
458986,0.7092574389147588,0.7181534907354851,-1.2843369605724333,-2.2123222879512165,-0.1750441012950842,0.5411528610280502,2.0612521758928977,3.3757073618678715,8784.52,1
566989,0.090738587314367,0.7913469831690454,0.8060449872408746,2.045355022283778,-0.4365407019619257,-0.6392083470816375,0.3273346046485385,-0.2513468598006794,11168.84,1
480523,1.337255367501096,1.6036924499145433,-1.9035708738794048,-2.153111513483637,0.6027718984950354,1.4712358138880166,-0.5973139798673927,-1.2996819447009271,23010.92,1
404928,-0.168712095079065,0.3368311301362627,0.4190736096737756,1.1142736545247136,-0.1858292209928415,-0.1073640370604192,0.52018723773351,-0.2155361432218436,10189.28,1
297175,-0.1302752258287333,0.6720911220281331,0.475733542852982,0.8964007267296698,0.3500521876479682,-0.1997646401558535,0.3973706855974757,-0.2292706615131108,19038.48,1
354672,0.0573888458382042,0.2753261849956332,-0.1829136623125263,0.1379614066307762,0.7202628597767518,-0.4235951721165812,0.3143649294306201,-0.1539794498319521,10957.7,1
479968,0.2248407005692188,0.1793551417836112,-0.207894593755416,-0.6455896079161619,0.1034151501068638,-0.5314301851727615,0.0356068200380157,0.3673312038860882,8264.57,1
472050,0.3664947245647626,1.0972305153357365,-0.0979581561890375,-0.3120999248101788,-0.7717348456781494,-1.575823005086521,0.3867145871675931,0.6154462417845732,10975.29,1
509597,-0.0150253342624018,0.2117585704435255,-0.3620377407934241,-0.665976861290043,0.850462272587986,-2.625570694116999,0.2656310060036663,0.8444990402657893,11298.08,1
416146,-0.0135273351247756,0.0138173630777456,0.0275349882436035,-0.2469968954356855,-0.0164854266718191,-0.0275886159053156,0.6036414248068982,0.2273650309418686,11627.4,1
560829,0.2907544370269701,0.6041355336419036,-0.9217051290815258,-1.5819542238753452,0.2186445770654261,-0.1431857313618369,0.2578925900059794,1.1981733770396052,11584.73,1
535574,0.3757391313685264,1.3781198412924156,-1.2032014966650078,-1.4874888730794145,0.8298389518834549,-0.4298922621016472,-1.1812959007240371,-0.1848833224467444,3659.61,1
479250,2.462410031020812,2.0097944699225687,-2.738499104540762,-1.814274712798674,2.3429715809434986,0.9017357667273526,-0.3851250302545255,-2.8988851683517023,17406.46,1
463156,0.9329433021210026,1.3196275121287655,-0.7159345863035058,-0.8871313110107911,0.4355009988868271,-0.4663157477655648,-0.5593396025871297,-0.2498021426916139,23324.87,1
439119,0.707759001908048,1.4761072291487425,0.0360339270661488,1.1131447159436338,0.0529164644247799,-0.542439691286086,-1.5709743570151888,0.556959993935968,13567.41,1
553954,0.379085329426393,0.2574570591740691,0.1430192565443185,-0.2173895365690464,0.4581019884477949,0.7397614077891039,0.0542192714091946,0.3323921025844303,1019.63,1
500207,0.3200769624153665,-0.0090841532528299,-0.1947482090214785,-1.077356884759349,-0.4780077407537599,0.2142873118207416,-0.1569457240134994,-0.4529702181066314,2399.38,1
378980,0.102916108251469,-0.0951550688125442,-0.1447183306967249,-0.2864138988384599,0.4383580281402459,-0.6027857013568843,0.5089950403962515,0.1500018363230724,23717.92,1
450338,-0.0496788362308086,0.2251560856507093,0.9218750225374478,0.3774916434233432,0.2575864161935743,0.2049131794777888,0.0432979570180756,-0.3950544657778747,23921.35,1
435540,-1.2952106428057408,0.4746934612594172,1.1687688267101897,-0.1367483379787057,0.1608023893687629,0.0800299056221201,0.3018233473336057,-0.4077032609833729,7891.11,1
492423,-0.0073284359790792,0.0928364362022696,-0.1510689542261228,-0.2768344094874984,0.7525668325239753,0.2990653187081835,-1.0125757181442672,0.2592103834462203,12559.54,1
460611,1.3757548331241534,0.7480112179540939,-1.0789025130003205,-0.8442676079577425,-0.7428834905336319,-0.0467979008533513,0.7506713342385993,1.3365261049194137,14195.19,1
463177,-1.483026574991469,0.5850344020818329,0.8075292355591787,-0.2447765565984472,-0.0679341985573703,-0.4234589576386413,0.6697770498192266,0.0070245006828867,9934.22,1
300089,-1.028675176391736,-0.1568830757303435,1.755136669951291,1.4552187486640729,0.412292261192914,0.4298019711865579,0.2484317970805954,-0.5396612234669614,9285.09,1
412855,0.0676483118126651,0.3083330198166465,-0.380114483391793,-1.304911803430201,0.1424200939589526,0.2262057640165695,0.1369884583203906,-1.1627368375897058,17045.84,1
339989,0.8545482860965673,1.53201339919545,-0.287797841938323,-0.1629133750501681,-0.463582752797406,-1.2188222752945468,-0.4256946475496426,0.6540640357051243,13759.88,1
326250,0.1068756090742732,0.3173859648970952,-0.058444561235836,-0.5263831181205099,1.1559528900806475,0.2423701746257463,-0.4637431082079474,-0.0112085906140962,6753.75,1
519102,3.355057707030423,1.2860418494921615,-2.4722198464652285,-1.274885247529983,-1.911003358114945,0.3926395051250906,3.820237745006338,1.4832357742850837,21681.86,1
326288,0.0777164991609662,0.0452216932840702,0.32461041662889,-0.6155192456726386,0.5517264413016237,-1.032124008297964,-2.670125014156214,1.295153466503181,8294.71,1
479898,0.7233396801322148,1.477359001533033,0.0391589412253511,1.028902348211874,-0.0568949581875003,-0.7037760846511525,-1.412500722349899,0.5523438778668753,10784.73,1
376157,-0.3483924501585052,0.2765336974077402,-0.7182773532985253,1.1601399240874315,1.8046075866562776,0.0455666184589795,0.2550103553213139,0.9722069135805772,13044.75,1
478007,0.8670540882826976,1.7079109542199036,-1.402458679949282,-2.0412430030510467,0.6289955560358123,-0.2570708209328997,-1.7465606791532258,2.4896800808973305,7156.17,1
441012,0.2372606361205398,0.4799048874044843,-0.3144271358356385,-0.7835833076340308,0.8693408714998244,0.4169777136982818,-0.3536310207789979,-0.0201989538355973,5285.12,1
368520,0.3604645557376841,0.7160981888157404,-0.1316803980932603,-0.342685087852798,-0.4968639766504961,0.2809634605422034,-0.1067168015508404,0.5024244191495846,9713.41,1
486067,1.4322774354318966,1.6438888113874603,-1.7132792322370711,-1.7394968387419252,0.626552420027801,0.976281274343064,0.5570594016330379,-1.550360892685679,14657.58,1
531232,2.599199263414968,0.5035268915774673,-2.3230949360903512,-0.7223827986406642,-6.450353017960277,-1.0750482999624311,0.3498809024854172,1.534445136055664,18427.2,1
335193,2.5096596640615934,2.211125522525727,-2.808373641120413,-1.9566422409822704,2.4088976275571383,1.3388533840416772,-1.7782100202146824,-3.1632089310541125,16784.43,1
429801,2.109765093435628,2.336012732574941,-2.2373810985012605,-1.3143746674307155,0.8537227282014913,-1.7200174942259383,0.1764335602766491,2.9417133987028605,16204.97,1
357501,0.5142216639164815,0.3051136310354898,-0.4712927652178524,-0.6460230370964309,-0.5122122765568717,-0.2209914387432475,0.0562709324400272,0.193388046502812,12483.14,1
341133,0.8389855636340812,1.995572407329296,-1.981330476805179,-1.877323633491207,1.64126178744319,-0.8189599365676676,-2.315419765302016,1.1515517274871123,1394.43,1
429474,0.4793280835088712,1.2884345504336927,-1.257960107154004,-1.6636515586708156,0.6907330456463887,-0.4854893690896441,-0.5276217566341482,0.0821321519603114,304.0,1
510829,-1.1154231342369711,0.0008864439569983,0.83374019582311,-0.3397297862829828,0.6827568702705912,-0.1785129996207761,-0.3435120671811962,0.7823751208652322,3129.81,1
460691,0.5749019201333582,1.2211152176286275,-0.764259734000627,-1.2937567480970429,-0.2018681383809159,-0.811455119697817,-0.0159126151731475,0.8486632379765321,22577.82,1
420345,-0.0368919575531118,0.7429387289679622,0.6957564304573227,1.295158084663609,-0.3235616590079982,-0.3619423919222672,0.1948324676524133,-0.2651535955137142,16635.5,1
513579,3.1932645528207444,1.2667635747287107,-2.3890022630224177,-1.3235671182665247,-1.783005042096239,0.3674367195529375,3.517645198045563,1.5965577623966851,1680.2,1
542755,0.5610410385688647,-0.1263737683054847,-0.2724823900533296,2.025372495388986,-1.8995945381597847,-0.1106128031086956,-1.9798227708139828,-0.3760802285585303,9329.73,1
391501,0.959002667889486,1.4928399664824403,-1.011993480209315,-1.1370798676653069,-0.078956270366272,-0.2076258680440954,0.3041428050350011,-0.4903489794764733,11917.8,1
416423,-0.5346704977996237,-0.0054419626916027,1.7302630315916614,0.0280829796638486,0.4729914324997691,1.1492221081299887,-0.1246822894683139,0.4032053912429114,18920.31,1
398149,-0.0303241019760611,0.4432338350836384,-0.1956617007768583,-0.2089165917573196,0.3802891262969247,0.5608939818949058,0.7638650676535316,0.5954008054854413,10942.94,1
491009,1.2122240277481429,1.646348716412841,-1.5785623647225828,-2.1879702806801182,0.5830769015026824,1.0494441325706063,0.650268256623257,1.113109587529396,2500.63,1
501457,-0.0023574052856271,0.0484526789861601,1.0403519422615248,-0.0169061632445256,0.475755199056741,0.2854255428562156,-1.3202847306134933,0.2101395378808768,4492.17,1
504711,-0.1838440131900215,0.5542679539108509,-0.1603935742012334,-0.7799029006243056,-0.0309993308482671,-0.355842550990758,0.3167141544753398,0.5344423951256123,20479.88,1
545946,-0.0303640358145238,0.1642526415878672,0.2955359025336999,-0.5105611377330167,-0.6524648751688985,-0.1908373801112705,-0.4331185662429503,0.1811765122424193,14630.73,1
531421,-0.3110504480828204,0.3522984807033613,0.0854697829074133,-0.450962155065668,0.2939072047190761,-0.2379674443973453,-0.0047323764418135,0.1785993294924203,21832.86,1
513596,0.0419764257759911,0.5096763156704217,-0.0292867576105689,-0.3522982976778816,0.0007015637879791,-1.6072715119035694,1.235359184863125,0.3233177902662554,22534.58,1
546998,0.7238721605293634,1.232325040507595,-0.0257917563577416,-0.0362874872559356,-0.5388549527982376,-1.1927168019888543,2.626422330509154,0.7417971133098572,16560.84,1
478245,-0.1624665642277897,0.5312099226246044,-0.3325560928521133,-0.7752988915303874,-0.2695795590532431,0.5306233733162247,0.5923143000728825,0.9530150541384396,6561.96,1
367962,0.3364350066726023,1.2675792484023731,-1.036555246724585,-1.5427326423975167,1.3364099776795062,-0.0991142412705287,-2.437063065448069,0.1182379238525623,3283.05,1
533505,-0.2799283917467302,-0.248092810591625,0.4504524483512267,0.6618642236905129,-0.010933370472706,-1.2568060481492531,0.96184057434655,-0.1741773993702751,21275.54,1
346779,0.9580764127570336,1.0947095664006632,-0.5543717246359359,-0.2803581140720893,-1.281877322554977,0.261343307042321,-0.0110478319884876,-0.0608054311177405,1973.56,1
404438,-0.5618934101833728,-0.8791339186693663,0.2600837301050229,0.8230232399553774,0.5105983226134946,1.0879495780760549,-0.1450937433074143,-0.2313425031464103,18381.63,1
547118,0.7070413012621348,1.0691467096789402,-0.8761691291913388,-1.5927259452798517,0.8245501574948415,0.0521023109551587,-0.0171728738415983,0.8912244444629955,19439.5,1
442566,0.14697646524704,-0.1179835990217507,-0.3835284458752,-0.8179175103701879,0.3651076133741244,-0.3993545290364125,-0.6862775639011167,0.2068962064123592,6864.89,1
547005,0.2161316638604638,0.93506086083483,-0.8769810627858718,-1.2077173441885023,0.6523905975957909,-0.6579995906788365,-0.3069106100586133,0.3246717828227451,21588.98,1
485508,-0.3075363342255184,-0.0044375469099891,0.4448051323302939,0.2693287260459727,-0.2753251006866783,-0.4054467772076874,0.8206520523466426,-0.2061151257113201,23296.62,1
328944,0.5119547488288894,0.6015885878907856,-0.67592062945783,-1.067924147013262,-0.132564803160332,-0.1672459125376505,-0.6542063565441781,0.2033850195275763,17489.45,1
389154,0.1009771685163521,0.4572100908566219,-0.0991008415870919,-0.4653668720124246,-0.4139881128447894,-0.0300805820833803,1.0403521694297149,0.4537962287535169,20708.94,1
303427,3.2200054806671035,1.2685816411365516,-2.39616709333383,-1.3166120333776092,-1.793071622913397,0.3622001875371478,3.6011135591454275,1.5727028318660357,19039.39,1
510800,0.4114494061056215,0.5235703390515557,0.4033718667818378,0.029268975342496,-0.2443457490806006,-0.8626783537504579,0.5084200836178345,0.2754688109898243,23203.14,1
496703,0.04554721506335,0.5609116265896791,0.717041423940816,2.3605035660182705,-0.519399024813466,-0.4997987684601687,0.7345346998444727,-0.2151305925704994,20995.9,1
348171,0.377019669185069,0.6942465197752916,0.0013956166314146,0.0753918502855782,-0.4010306984280551,-1.1929624694218346,-0.0524346058003658,-0.0873193351125521,13089.58,1
383504,-0.1809277687584347,0.3375965253390139,1.1690088370665133,0.4583850239310636,0.2490922267416386,1.248064882849624,-0.8542164436129716,-2.290291044163377,21091.53,1
535800,0.4444393990412403,0.4688919851945208,-0.4045497801800677,-0.4119432137902057,-0.398130424356177,0.9891585486419175,-1.0141060862410556,0.460551018210845,5330.36,1
503449,1.4694350321121223,1.7355711212838834,-1.9897640179925995,-2.047401514500677,0.3617647970881954,1.4706300713981229,-0.3514380401895947,-2.294067887262345,6740.86,1
413858,0.2416786741746474,0.8663052770907814,-0.4351019255177218,-1.1644157269856652,-0.3338088800332535,-0.4670080204403198,0.3365633533749309,-1.6900256359255943,13808.28,1
322874,0.2597016241130145,1.3034205938826626,0.0582676006156599,0.7158828317828404,-0.0237782575354099,-1.0149381549873004,-0.9395601876888714,0.379128670564825,10167.18,1
374427,0.3672359073306401,0.8050097532932219,-0.5623791658592577,-1.156005446281176,-0.3688514853818364,-0.9392521696568986,0.9261534901705316,1.0657299712221129,6131.03,1
478423,0.1539135478353156,1.259235659172779,0.8177076043551782,-0.1255628303991852,0.7112945478841282,-0.586171995913535,-2.705535666127844,1.0155281030576666,23973.7,1
476854,0.4829896766430778,1.4034238443211788,-0.2151422984709337,-0.7343745121497014,0.490909129627578,-1.0417009499999637,0.1909503068964834,-2.434125307549529,12123.0,1
497459,1.5233962020691585,2.285287125061207,-1.9741599388550295,-1.4218108941804903,0.8362395942075499,-1.645158122428387,0.5879924494786474,3.1854202139625,12600.02,1
531189,0.4464491766064199,0.891045726584548,-0.6524013257673308,-1.3677060793443916,-0.3468962681085439,0.2585243616075091,0.2933910850303854,0.2766861535571737,15287.66,1
464048,-0.1144352723521711,0.1080011639681075,-0.1005328132796565,-0.5959974298550085,0.6179557556083791,0.1527948761343733,-0.46350338008937,-0.4440741452262321,21659.71,1
445757,0.5267414058759509,0.6919357135528617,-0.5200578984719276,-1.1782245544712922,-0.1143469556354444,-1.147041864052253,0.2911203990323873,1.4559181778330992,22212.12,1
464541,-1.207169576489677,-0.4211286742290782,0.4488527340506334,0.4721726687045928,-0.6764187475113267,-0.4483033528115195,-0.1688988527385323,0.3444220151353377,12303.27,1
556129,0.5031863972199601,0.2631104842299442,-0.387211569907214,-0.4875360352291934,-0.5388120882571248,-0.0399703807501967,0.0615189432553983,0.2281823141399091,20737.64,1
489545,0.9634814832074462,1.5316207111465936,-1.566861360375959,-2.3078035437919926,0.6209380925040001,1.24917370707456,0.3560236709702097,1.5045531855966063,7957.02,1
348004,0.6140065886663129,1.0412440016091464,-1.0205768910422657,-1.5137524419678074,0.9404462611799684,0.0063644297303211,-1.3860480850377184,0.170975966813536,5037.87,1
543418,-0.1413600269984142,0.6333066297830301,0.5193878712695914,0.7461850775478268,0.1742343274575722,-0.6335480425052514,0.5129968894335133,-0.2438589227732639,4773.48,1
285538,1.2450136397696194,1.1562230272847709,-1.974271774052253,-2.1574563126809125,0.821343817500767,1.651163365105507,0.07887868405707,-1.6129581005615237,3062.06,1
351724,0.6503627936816802,1.5008432627799284,-0.7789401022197527,-1.1279253734727526,0.1225380982364497,-0.9171587498005463,-1.165271416180896,0.0864189747573937,18083.4,1
384226,0.9025322083777944,1.493381066260865,-0.8734947635024123,-1.0580677907251983,0.4200747930461072,-0.8370899204104526,-0.0962484200455347,-0.4789760962450277,5036.79,1
464380,1.3517556776987514,1.700831415180046,-1.8253387689541876,-2.169161717777905,-0.3971230208059526,1.2744083014957652,-0.5647047567089245,-0.9060498882313412,2889.95,1
408601,0.9587357387890708,1.4531226101531438,-0.3314610607573123,-0.0346750957390282,-0.4612058001118763,-1.8443051778611133,-0.0016700846372925,0.4809581778905819,2658.94,1
301147,-0.2117935575392268,-0.1822863211028862,0.5113256704347051,0.7339939131191702,-0.0254263388229232,-1.2329215193951288,0.7789974778499462,-0.2360170365806582,2231.51,1
559353,-0.2674034480984781,0.2653129451255401,0.4070880514666659,-0.2142570828153751,0.3496151726050501,-0.0468355694015816,-0.6577120322350942,0.1792236613134809,20089.57,1
522563,0.260968675139048,0.5876511465393361,-0.3687208108136409,-1.1646612312701494,0.6927117735769518,1.131945472317425,-0.9058703991546936,-1.2944066977203776,7752.35,1
463938,-1.0157008619874637,-0.0143901616594073,0.3443293226717371,-0.4789167148683375,0.5834739174584772,0.1701664992014516,0.5595736250151615,0.1123961191281818,9137.87,1
410957,-0.2039785567665506,-0.069382731833972,-0.1673611968340712,-0.518933175501009,-0.1715557697669155,-0.4258886376917881,-0.4875857587019096,0.8678541316423989,16536.43,1
568587,0.5055548616237371,0.249268906438908,-0.4182640040761615,-0.5666309032245929,-0.5204774603202824,-0.5651031102067277,0.1084878821437702,0.1479769898357147,21583.22,1
467194,-0.2484833290407047,0.7626566672854939,2.4123867030286443,-0.0914011970724635,0.2387768800897629,-0.0011586200776159,-1.0994275167806646,-0.0932538735772193,23566.7,1
503005,0.5936713459614524,1.005433616263596,-0.548719250578443,-1.0297155520390366,-0.0746455953597794,-0.2910648875090406,-0.6647698056066168,0.8674031682458878,13624.45,1
368923,-0.2176593509024799,1.202482422541867,-0.0290887095778627,1.3389526810043582,-0.6140785456784522,-0.025443183663705,-1.298283378893439,0.2847899778198498,17930.31,1
452064,0.0576370598125868,0.6856920763169294,-0.1631958979508315,-0.5413427017323049,-0.1138888255572024,0.6068185274967908,1.244431787224125,0.5070118896136604,14955.59,1
347067,0.0527638645464643,0.2563288900057179,0.1978333700932448,-0.3858444327142973,0.2778585909139732,0.2632026798307439,0.1846704649934351,-1.4296880603350102,16334.49,1
311509,0.6485026219401517,0.8137226706492939,-0.6182242812861451,-1.0246359537763323,0.6266101599922399,-0.5343135684780294,0.3657088511193058,0.68262803582206,14202.13,1
487562,0.1216263613123173,0.6520850526547368,-0.1843214579283451,0.1457062678474408,0.695984286055742,0.5158410464708729,-0.6605040795013589,0.2880251511256338,20300.42,1
360487,-1.265706785357316,0.397564586885742,0.1905025609727426,-0.0968850694411668,0.1196904504771402,-0.5293115328146286,0.5345592304074765,-0.1540377153795132,22935.37,1
363316,-0.1915565593957677,-0.0182972788510291,0.0171009678527616,-0.5278065105364889,0.5249891210762944,-0.8353625004555882,-0.3175393556855834,-1.2818931553069726,14385.53,1
480077,2.783630008426049,1.2321587505196974,-2.1809065580210296,-1.432979685104655,-1.4984568093529376,0.3238309130987754,2.803639621971336,1.8518298952264245,23104.14,1
559950,-0.1390912665067581,-0.3620155119104509,0.5983631425272469,0.7173918509861148,0.2280982538884316,-0.5427396306047192,0.298517680516984,-0.2904949923257315,7428.65,1
325242,-0.2391292921126374,0.518102670828142,0.3763753837964608,-0.3951237382869068,-0.1116669781572454,0.8339705116043787,-1.0579498036590125,1.4585615995798449,18813.86,1
421784,0.1583255299583101,0.3306089445624147,0.0863406927263068,-0.1368405305394638,-0.3252368165454494,-0.7025756684027962,0.1666569492407472,-0.1092667905912821,14500.11,1
285882,-0.3795165143334641,0.3468535750859824,0.1841997087942102,-0.311234688176136,0.3037125609692758,-0.0703386500699227,-0.1455739361672625,0.1060361609928171,15354.63,1
321174,0.0438870249559005,0.3209967273038492,-0.2269413344546194,-0.6943637921636527,0.547342079870356,0.6703305335110324,-0.5501953277209736,0.3237442462969647,2402.86,1
407162,-0.1006738267167594,-0.0589842851051137,0.4822183740652584,0.0120032868067227,0.2130368524844446,0.5302112735399859,0.1258403232667563,-0.0208408808939802,7562.97,1
498568,1.401927011905015,2.227927709449094,-1.9913919810167928,-1.4440693320447922,0.5174297367099312,-1.5155317540097732,1.070499426452795,3.585890156245001,9976.3,1
438379,3.326970220195924,1.7858636066810814,-3.424997661681292,-1.4229666634779925,3.653956365194997,0.542945988898742,-1.2361609336174595,-4.947034457627021,22022.52,1
394626,0.0150652191486898,0.5539223433166492,-0.1884549189810632,-0.0417700158023574,0.5882901373597013,0.6665121137798956,0.3760053000344683,0.5046713858359303,8526.07,1
302226,-0.0492412258886901,-0.5871637135544924,-0.0825458134060899,-0.4141839920854062,-0.0328637492525632,0.2537207231608081,-0.2417641585360411,-0.02568242667259,8488.23,1
519051,1.005535544074753,2.014706078304497,-1.4473695405969111,-2.127663169834013,0.8070372286865188,0.9636434593882448,-0.7083100565799733,2.191182410313405,14132.74,1
310481,1.3516587616602442,1.741033965042318,-1.1048897249914151,-1.6888873734050036,-0.2295633334269062,-1.906484412051977,2.128620162775677,2.6544501051645284,13162.18,1
501621,-0.0426266044214704,0.5249443371572364,0.1361548770698031,-0.3110627730343228,0.1638731472038869,0.5015551018411446,-0.2268169419071478,0.086569081578727,14312.46,1
432285,-0.9090567257114966,0.5016767792277514,-0.3839243373772424,-1.1619586378832454,0.7804399860685459,-1.89964395546652,-0.0758410247396327,2.055093535906059,23406.85,1
555058,0.2909531173659413,1.1135575276731295,-1.0555269434656864,-1.4045877776665558,0.8642304589577859,-0.7036393317711438,-0.5232758302983627,0.3027083697889303,17533.67,1
447623,0.3851376129499467,1.169159788305603,-0.0686427702828046,-0.2469119646523153,-0.4330871244074099,-0.3797431989209324,0.6624653326057786,0.6116603329758316,17129.99,1
411403,0.3028632037105147,0.0405298095724729,-0.2187920718887722,-1.1450694782618718,-0.5349749236558611,0.2995127055264437,-0.3016626858815474,-0.3668577491003237,4931.07,1
416029,0.4373028265058823,0.8518653437370235,0.97217250408735,4.030918462294981,-0.516536221506903,-1.4200848434381614,-0.3141724403912173,-0.1231495586148501,439.79,1
564511,0.5406715062885945,0.7101784166286774,-0.5766195935452475,-1.1949487912398291,-0.0060724597083364,-0.0549514106341984,0.0688236756833852,-0.2692891867909827,18600.22,1
509667,-0.0956092827120809,0.1831068619233115,-0.3676944935136969,-0.6674971107830092,0.8199072920934828,-2.702067539944124,0.3700329760892862,0.8363059178837717,19608.73,1
359010,0.3187360199987397,1.065296107403116,0.0440641458598633,-0.0202920095259543,-0.4180726652021256,0.1122272230388355,0.6825695820955797,0.4125074836990751,12866.76,1
420750,0.0201400403046054,0.6693188651412945,-0.1813538274804768,-0.5629440872037966,-0.204610481359183,0.1257970453942791,1.2248451227875197,0.4968074704159495,2791.76,1
341590,0.2282707084039982,0.8403132334824387,0.283118792420665,0.5816531458966437,-0.1927317105118991,-1.3941899782417455,0.0485729801875845,-0.0235306541541771,16147.97,1
340260,0.6813065947837273,0.8848874311137515,-0.8675256500353592,-1.3710899734052189,-0.3832193684922043,0.2693229416772753,-1.2306740586057674,-0.5996734557832274,17248.46,1
508848,1.2533054583770131,1.3119087220328185,-1.901684842562692,-2.0331175479223287,0.9866185591379428,1.2728201320447006,-2.272930585666169,-0.7171762166431036,8765.95,1
429108,-0.1607906328775898,0.4113934466968582,0.0571147916167323,0.5039862934174665,0.7809183372551068,0.4276855551248075,0.9605207535581264,-0.115705109412898,3088.57,1
351846,0.1084221218956805,0.6627194770498119,-0.1238003007736269,-0.505635563682502,-0.3568395587043266,-0.0204567110375762,1.2169136478657143,0.4853352395405721,17630.93,1
563447,0.4223382298253629,1.158007856272028,-0.2383961259451336,-0.5873968459461004,-0.8542540085996646,-1.4951097990285604,0.2948893563573678,0.8394161429344599,22325.97,1
440463,-1.8246417193908548,0.4646983015851532,0.1852766106526587,-0.4525135424709003,-0.6665609589755322,-0.1353328478142813,0.2677439871370969,0.1178109805139663,14890.16,1
376872,0.7757743545154059,1.318258359903605,-1.403696986353237,-1.9650889201859936,0.3286276131271688,-1.284517147713791,-2.6755642131952246,2.493783603982295,4480.38,1
568507,0.5195468956410949,0.7075831041901474,-0.6496407087885888,-1.242192862456497,0.2274946224127761,0.4015786213533569,-0.0065028602955004,0.0435146555750458,23443.61,1
330308,-0.705703760474241,0.2934984643208914,-0.3884292933678415,-0.8288803928215259,0.8137421312279435,-1.8573030875233596,-0.3746569927668679,0.6891626161551412,4889.37,1
435455,0.1464047193401884,0.4769536576735322,-0.0177380647116482,-0.1952546544568252,-0.2162091549854265,-0.2547917054189404,0.1104613200162392,-0.0758377118272653,14991.03,1
512476,2.599199263414968,0.5035268915774673,-2.3230949360903512,-0.7223827986406642,-6.450353017960277,-1.0750482999624311,0.3498809024854172,1.534445136055664,19953.65,1
486309,0.3501643948803943,0.6122376541788157,-0.4243244816542095,-1.0509351387260395,-0.0435095169167584,-1.017984377481464,0.1136990863280548,1.2894907050050062,3253.85,1
318767,0.3229911142805553,0.4685110891681766,-0.3851268604436208,-1.1489737505873168,-0.0927670914997007,1.3773933557103295,-0.6636699181487135,-1.5722278070911526,5059.06,1
376711,1.67629049128024,1.6352186053303417,-2.314138890023223,-2.0357750054673898,0.4062299002951679,1.298999102587785,-1.0343001861498629,-2.1855205046790607,6382.84,1
523028,-0.6309911557102375,-0.9742498623522656,1.6669155233866415,0.4862827436031033,0.4611726521401582,-0.2930279036706794,0.4151897626882632,-0.2326896268089685,13900.62,1
467678,-0.1993926180015906,-0.307234707726718,-0.0234721843966635,-0.5832987244162751,0.3629158171563665,-0.8456497457347961,-0.1182237790168951,-1.5576145261229928,22151.99,1
456289,0.0754712647833664,0.1274577081793478,-0.5326692490907945,-0.3902351387938226,-0.2131929002489272,0.728247477239906,-1.3684482416407318,0.7004741160027943,10300.68,1
503975,2.206320121512229,1.7397976727220792,-2.608007507993129,-1.8540529006103572,1.5730566805967905,0.7886511481865638,-2.032549905672662,-2.474806919942859,19306.08,1
358292,-0.1121043068803259,0.2868684054444503,0.1537952358970636,0.5231413464024189,0.0818416400635139,-1.3833448884249322,0.6775163060482977,-0.1007220564878996,13242.89,1
336554,2.599199263414968,0.5035268915774673,-2.3230949360903512,-0.7223827986406642,-6.450353017960277,-1.0750482999624311,0.3498809024854172,1.534445136055664,1123.07,1
558520,-0.933025758012064,-0.1648910670570857,-0.0405339485749586,-0.4386924647789224,0.5301811036867647,-1.156721112236771,-0.5991766165312213,0.4312140144817624,1079.63,1
440419,2.4458963951135515,1.1923226580411717,-1.9985356497534688,-1.5248163412530666,-1.2285835013526258,0.2709289521209948,2.227129598793007,2.089661832339261,23617.7,1
430280,0.5950006628169386,1.0845944233611204,0.1575347473926494,0.66318249030455,-0.4260121052978493,-1.0975016991956117,-1.0217929172837514,0.3844604396587124,6624.55,1
549959,0.3148227889002998,-0.0506922488357498,-0.3080156180343824,-0.5838083736167662,0.3315785661205231,0.4375009771226651,-0.1300299276006314,-0.9896197693661508,2383.32,1
530891,0.5139654799222477,0.3043838206876522,-0.4705589974580627,-0.6449103306467315,-0.5123591196768545,-0.2260352662182032,0.0568672845192036,0.1922735176622968,20379.44,1
473903,1.0760089915963604,1.4748445319127954,-1.250009784842692,-2.2780564794073093,0.6400410014160518,1.1907817322070589,0.1722276300713716,2.022070659549624,1163.86,1
531774,0.0784000499253634,0.6233588267023484,-0.1365636153141738,-0.5390944763879842,-0.5904018350899857,0.4199175135139138,0.5355952293172572,0.4916611685627,5723.02,1
482953,0.586095742601919,0.6503987980725563,-0.7613948374946076,-1.0114726415114816,-0.0676885651109902,-0.1901919546704705,-0.5756976661770585,-0.4244544680913396,14490.26,1
500005,0.2476439859803977,-0.2627475535195581,-0.294981066118978,-0.5355621820139177,-1.0080075385550256,0.2261188374133889,0.1663975772727401,0.1996853065517265,16404.9,1
437142,0.3095197823406317,0.4477234226063877,-0.2805788958026735,-0.9478488695064808,-0.4204640456387124,0.3280391975004815,-0.0596248339556612,-1.053854228983165,11934.44,1
469979,0.9389755875440868,1.6088167409847405,-0.9301160167994048,-1.0349565733232944,0.2850959208057211,-0.8897942646246195,-0.2525588251937177,-0.5876387381327163,20675.68,1
510763,0.7630070724583771,1.0455075933437832,-1.3852618853908334,-2.197477873892213,-0.19428704238081,0.7336410840947536,0.8323045575661198,2.8532839262652008,11608.49,1
543373,0.0247423625424013,0.1337901577326528,-0.1114203384676344,-0.477797983692853,-0.1251422865675029,0.8037781777393258,0.7292350927789548,0.4173637615949695,20562.46,1
493447,0.3868185032629718,0.4396173306738561,-0.0619604931294027,-0.2415690999464542,0.7602506496098477,-0.8930166175220623,-0.4730168690090405,0.1087535173889985,13702.28,1
452859,-0.3225467702099417,-1.2409125891256163,0.4578194393669284,0.4052147788495721,0.7689977520295724,0.9052423025779828,0.2550142773256561,-0.1058872845463153,99.87,1
472539,-0.298320695342148,0.3312094068816355,0.3960146572941943,0.3755184952536955,-0.3046975690219211,0.0044557846283324,0.4290621298747588,-0.2240703565762578,13553.62,1
346004,0.6627269052367105,0.803944332728228,-0.7655238832755747,-1.258117719431774,-0.1102598977462677,0.198637566346833,0.330172693316128,-0.0002197671320288,14834.03,1
401644,0.4512020017335844,1.2368599664351148,-0.1716752823789298,-0.4726968088912738,-0.5354024076803379,-0.9973275002450648,0.0289336152211277,0.79392192693201,15506.47,1
451264,-0.1970582761257059,0.641238474863903,0.2708001581371496,0.6257564031514985,0.1368071224722004,-0.257896487665395,-0.3436882064509567,-0.2318534914977904,7482.63,1
519100,0.9337925598975632,1.459466494214677,-0.3266290302454754,-0.041601092916631,-0.4685163240673041,-1.846043031808799,-0.02298280451071,0.4528589133933666,21531.05,1
345633,0.1308962502859412,0.7253750936627769,-0.1953579810477239,-0.4141017625297445,-0.021386143301968,0.5556623403895381,0.4979240948461191,0.5550766120967416,17609.43,1
405555,0.2733257496828996,0.6393713637772677,-0.3777182201321929,-1.1697424565151735,0.6299782811868782,1.2607545621743357,-0.9378368920172754,-1.3474812620466077,19336.17,1
353975,0.0443457617683481,0.0152541323114843,0.1909925019383132,-0.4599426557242047,-0.5007448430152236,0.1696099266747655,-0.5576030931385629,-0.8181045490038057,14666.31,1
315971,0.5504109715713428,0.3183216906467922,-0.5136206501722586,-0.7251882092650505,-0.4169457959945485,0.0769954948656061,-0.0326479736312996,0.2678367238204663,14249.13,1
460455,0.0941705195476989,0.0002623532543792,0.9170044818610834,3.1120098671314755,-0.7413730459353723,-0.2829858719395672,1.0062551736210237,-0.3982910137996374,13172.24,1
423697,-0.0875185160771484,0.1207469409632188,0.5019807507014761,2.5407141291473487,-0.64403889880607,-0.3339844086425192,0.9058895788716268,-0.1294485685684231,14624.86,1
451971,-0.3976210480262148,0.0088334792692618,-0.0109692753274234,1.2297203049720482,-0.9416562445627712,0.0686014405321742,-0.9381623101157556,0.4573681946858177,12598.25,1
541728,0.5649686138775141,0.4930430740351934,-0.2537347372130349,-0.7937023335622496,0.8886519250731496,0.5573837909539566,-1.1160976729353995,0.5035097982831042,5018.12,1
505739,0.5585788262408172,0.6507250085649173,-0.6639782323067452,-1.0623977457304206,-0.1668469176734924,-0.225243850038398,-0.3437695976881278,0.0121809584001573,15156.82,1
362599,0.4290011379969867,0.3465889170702557,-0.1204047485012799,-0.303566003766687,0.897971253317929,-0.4217737782130103,-0.891212290393147,0.0655368522932184,5330.62,1
483441,-0.1505504007918012,-0.3066341601274779,0.721063697006586,0.9274725542030888,0.3199140652586772,-0.1540852641959317,0.741037683026932,-0.3002815522790549,14125.97,1
310703,-0.0091493765768583,1.305705030166784,0.1489506243681586,0.6779846823244924,0.0800628334426194,-0.5544302245835597,1.7321591600918196,0.3448745740631002,4047.65,1
516597,-0.4823888329485436,0.5278721623566358,0.5537731337254618,-0.6369058649748442,-0.2769241988538677,0.4740529724602541,0.1368242709675743,0.0115732270034647,7772.94,1
445956,-0.0673924781544875,0.728401237636099,0.5139788898424061,1.1907803546312714,-0.0376111091587202,0.1408074729371639,-0.0444775208716325,-0.2221262641690249,17462.85,1
460327,1.7350171528165494,2.06080313745865,-1.4539900307650409,-1.5523039563533525,0.1664372361590338,-1.9343955183145232,-0.7981670781064218,2.094380504207718,15576.89,1
422275,0.0510105503197683,0.2334669649924576,0.6817470081501505,4.09305126317523,-0.8843899645625878,-0.0123432586391702,0.5205152714337915,-0.2075370189615676,1910.09,1
290135,0.0717939595714946,-0.2057028454196065,0.0287691043881596,-0.1691955352032013,-0.6668773492972689,0.1921409398583243,-0.3536878423845894,0.0583716875513156,4634.55,1
375740,-0.3104591545188123,0.3504870143467125,-0.2680517664811835,-0.5978062471035847,-0.2509296373292903,0.0997881128491383,-0.4755871056420038,1.1883074075772933,21763.78,1
352217,0.3998109489488812,0.7816042408193835,-0.4385831412666155,-0.9197767880410574,0.1040629623979218,0.0637370793361394,-0.6622477766935734,0.6588267836665649,9361.3,1
515914,0.5800981544199685,0.6714712642131979,-0.2826856950614427,-0.5818559158001683,1.1331869391882117,0.7835766054677789,-1.808988772554725,0.130914534547833,19012.01,1
331932,-0.3995514386277806,-0.7568351747710962,0.5556480943503448,0.3856945660812775,-0.0172953756565832,0.8297352602282996,0.4958723679599366,0.8137521763120656,1042.41,1
383205,0.0352963741337822,0.2311595188251264,-0.0908102736499815,-0.4862466177616657,0.1508107935393577,-0.6450640292658804,-0.2876015152075816,-1.1143953073183697,13605.16,1
372831,0.4716038859292218,1.0848204420522982,0.1813892529533616,0.5618605077846522,-0.7655000496225949,0.5056595352259697,0.5515156049692792,0.3751313295077491,18054.91,1
469292,-2.673952503348985,0.5327388388915714,-0.6273061284278733,-0.1740668434156517,-0.5348551106477405,-0.7363405466675162,0.0778267623572767,0.598555296770226,17932.84,1
335358,1.3726280961235788,1.6815138378091534,-1.7419708055884744,-1.754078175672764,0.7283292197285104,0.7662903788485349,0.2339555033219343,-1.3464517708726331,2367.86,1
502399,0.4615682533279608,1.3623640466600202,-0.3259097751363803,-0.6971662708446061,0.6642971033941126,-0.5502773778152561,-0.9207099367753028,-2.211287065659876,3687.55,1
439186,3.0320160893815973,2.307826332593317,-3.202606419472968,-1.5339464495612023,3.512388554453241,0.4386396501820442,-1.8160763380581848,-3.598307190930305,17917.92,1
380276,1.1053656010377628,1.733104915033116,-1.7482134976475634,-2.1784068852194887,0.2850156337425095,1.2285972023645877,-0.0048220350048438,0.3022417783026052,5985.62,1
547770,0.0994752991174909,0.0834493180103895,-0.189305999973675,-0.7304246540355269,0.9308333376139634,0.4002451638588825,-0.7309975180932092,0.2501548739357248,2728.83,1
471083,1.227129572565586,1.4399525565912694,-1.38557820379848,-2.1571660839614184,0.7961543913220973,1.1071918846981477,-0.1441823386641531,0.9751016431389335,4614.15,1
372774,0.5545792215165625,-0.1318053089246572,-0.266109906271844,2.01100590672374,-1.8787941425587864,-0.1607379883899804,-1.9207524344588465,-0.3718505226311716,20639.29,1
335223,0.4014443075677574,0.7628646404774745,-0.558389506847814,-1.125698616599902,-0.1655503309284448,-1.309468975051013,0.8611573945428384,1.2274129794598307,4495.73,1
398616,0.0039836840910574,0.1438142714925003,-0.1064696333623004,-0.463645892106585,-0.1729980430969975,0.938456748332615,0.8610266323869052,0.4426314537420713,19487.26,1
285271,1.0573237985870607,0.9910445575804112,-0.8533998924914764,-1.4371364727235734,-0.769567487054159,-0.3453018211347675,-0.6186569059804122,-0.0058413263745885,14887.84,1
431546,0.2895975797540944,1.016277916857617,0.0918713806859514,0.0822042363162216,-0.4271662884827695,0.299790383017183,0.6787952067740434,0.331279169502117,9847.39,1
492116,0.2651119824257827,0.6050666426774992,-0.3717395138230449,-1.1663645228796102,0.6716562298313012,1.174910609662636,-0.916585197500534,-1.312261697042607,22553.91,1
548061,-0.1038133093766605,0.4315995650484968,0.4957753296415894,1.3554975989187217,-0.9001631195052205,-0.342462000985577,0.8268028114701896,-0.2502131448277373,15818.7,1
377590,0.3746165920470799,0.4802732333103495,-0.1559818157635134,-0.1795639178323073,0.0816910614778786,0.0043016119024577,-0.2706255976729768,-0.0018915064649071,9236.94,1
524984,-0.2452448749313024,0.3699281652895134,-0.0437423593355823,-0.6262813444634423,-0.1957656446811821,-0.0333620387213099,0.3661046716761283,0.5257792228274826,5890.79,1
383864,0.3811783376735547,1.1672777479793743,-0.0541842500055988,-0.2171885953324458,-0.398242934705265,-0.2805295705681055,0.6878753524921835,0.5899300565572225,21098.31,1
433415,1.6045538639024577,2.3551804263617395,-2.038933534999801,-1.3995027172190535,1.0264488379547123,-1.6899445322767503,-0.4513051484162265,3.077668216342793,21403.86,1
521838,0.5566022682087308,0.3080357788211516,-0.4866670664677672,-0.6753408805775638,-0.5005828652138208,-0.0893238622329064,0.0806886968206233,0.3504956488895128,11311.08,1
379495,0.4419576600940287,0.3578968197165513,-0.0759071821381372,-0.2343811989906202,1.028950935687458,-0.4547165333459317,-0.8478273830015509,0.0742630974678783,21303.59,1
422835,-0.0587252510651214,-0.1813844534509738,-0.0482976118530557,-0.5668997855020736,0.293214326157565,-0.774429325409546,0.0879419362067313,-1.2567125422882814,22437.11,1
548572,0.473465653150233,1.2823822773502247,-0.1322683763420681,-0.7708646616170051,0.3699121384365939,-1.043938271371648,0.9854652417918834,-2.433461836927012,6248.45,1
528051,1.426337491825766,1.754484939459744,-1.14261580923438,-1.6736295986923888,-0.1845173498328037,-1.9148586727289636,1.7177381702667496,2.5355659259460546,8731.41,1
325273,3.203183821284336,1.267957887689338,-2.394199454022388,-1.3206098375205504,-1.7909767906126317,0.3690851467510812,3.535643994453997,1.5896701538239948,19840.55,1
371386,-0.1080441798865311,0.0484858441568925,0.5929838457792839,2.363714856956184,-0.5439231777495099,-0.3318005725947179,1.076571832143893,-0.1555423512709995,23302.0,1
516374,3.326970220195924,1.7858636066810814,-3.424997661681292,-1.4229666634779925,3.653956365194997,0.542945988898742,-1.2361609336174595,-4.947034457627021,8739.42,1
370397,0.0681205188274823,-0.2152527965208264,0.0411117410249024,-0.2315326440369047,0.1950591356362081,0.1982822221013179,0.7166647347635698,-0.0519384470629823,15066.47,1
274382,-4.354871159350006,1.3791763991876895,-0.7675459982029998,0.5562092525903404,-0.1617710865097357,1.4341972776115437,-2.916203438465317,-0.1529441535971102,5025.04,1
562968,1.3935132838435322,0.7413321931399128,-1.073918287730777,-0.8449830322242462,-0.72047078407696,-0.0618299356605057,0.8052821021501255,1.348759136399439,174.25,1
352898,-0.5721459973480526,-0.1912696227807381,0.7177818132877403,0.1637907508964994,0.2144079531903275,0.6659613388918777,-0.080192490892474,-0.2876738005608942,10411.59,1
397996,0.0270124730360721,1.1203538127521426,0.0362840171308993,1.054896395173467,-0.7580946453675735,0.0881921139576582,-0.7485343373940478,0.3040173925694517,651.27,1
504672,0.1071627989604974,-0.1710091723357271,-0.0007824727192348,-0.5935645122124183,-0.0444485510276835,-0.3407631015584576,0.5176280759865693,0.4370645258247486,7956.11,1
488529,-0.24755180169604,0.9678175670582316,-1.0817754469634495,-1.5405266098526156,0.1195140804597967,-0.7633711392075582,-0.714600163286555,1.976105825288824,10509.19,1
565434,2.2727911031955874,1.1815895273955683,-1.9102080606008889,-1.5645941710414524,-1.1201539766697088,0.258725935873756,1.9507137957658516,2.188948127956943,12928.16,1
314134,0.1153115336865645,0.2460971562336822,0.5388550573609671,-0.5627617103656685,-0.8008675397706961,-0.2091643972932174,-0.3012209390108474,-0.1141380354739446,23512.4,1
335499,0.750846007704324,1.5991230310771178,-1.4560411803118412,-2.3220665842043804,0.5786763544012864,1.155447504349392,-0.5472723724839855,2.8024452852206183,3307.0,1
472398,1.3929895989353118,1.6121502618524106,-1.6385544201882454,-1.996031720700124,0.3885372522328802,0.7921684459062698,-0.5183040556986049,-0.4940887492402017,7242.58,1
484566,0.2840305923119008,0.607332532458738,-0.5366986794819888,-1.0312750945721183,-0.3764205011380995,-0.459598450165069,0.0491196136794087,1.614445446156911,11992.56,1
392361,-0.0643770264510433,0.1472443107250522,0.5429417620921653,2.645475980932194,-0.648928308244939,-0.0975294200907425,0.95743219927698,-0.1216296415173452,12886.13,1
332709,-0.0975666339712592,0.091316312682444,0.2341641918436571,-0.6325195178285206,0.6411695216441337,-1.7476830621860773,-1.6360754920925509,1.1101212723722849,21204.89,1
346750,-0.1637162888470301,0.3421891297745249,0.2004378942462817,0.4360002106829768,-0.0493663322556835,-0.8258760711728774,0.5644396230702513,-0.1333215250479573,11254.18,1
522522,0.5002068756393511,0.6630655336657948,-0.5615453171297349,-1.0861879817011406,-0.0024149772739733,-1.1764458745199098,0.2870928319091387,0.9937814359397144,13010.42,1
434587,2.076465442472473,2.337250594270189,-2.224049945176048,-1.320265869084244,0.8655266319760024,-1.717725663431109,0.1322631696687802,2.952537201684102,2310.36,1
332190,-1.3706224835871694,0.0450288315265499,0.5332088533245375,-0.5029016365529108,0.9467905680770756,0.4827924312497889,1.0631641317615008,-0.1067366237391423,17497.61,1
560683,-0.0979037527364922,0.5770045869920785,0.461721502670322,2.193535512375187,-0.448015822891231,-0.718885287699458,0.3956469265556895,-0.1647940902421469,5122.0,1
295610,0.9461569397437704,1.7939814618247891,-1.503635362571471,-2.2406571566129494,0.3110711063637378,1.1875461971434034,-0.3909621802166323,1.9362415382273988,8110.67,1
565513,-0.2254856387958844,-0.3284484698847132,0.6223590236919159,0.6255697542858366,-0.0972006827965993,-0.2499225918992586,0.4354707800188024,0.2394745988203194,14274.19,1
482851,3.243329232217497,1.272803594248889,-2.4152253496356444,-1.3085826896879669,-1.8232696838150968,0.3757542796858574,3.6087500947490274,1.561704380328807,11853.82,1
540891,1.0229976013418098,1.1711613277789428,-0.5824302785205776,-0.2573932873488259,-1.3720047250244596,0.3381975598659978,-0.0118473046339342,0.0714772803088486,6560.85,1
420228,0.3571643256929295,0.1921307715753963,-0.3146438213807959,-1.0540007003463805,0.3230417042553691,0.1589528263150769,-0.5836796503411311,-1.4933948356311135,5808.08,1
389995,0.8673997525559779,1.095144557076965,-1.4195745418460084,-2.046666625864937,0.1019256295984542,-0.6329735877048308,-0.8868374634173961,2.390950178316396,8049.43,1
376387,1.3990093069338314,1.6039757282328768,-1.6265869498961951,-1.9862221516993557,0.414854702088442,0.7635201783666141,-0.5518337844994206,-0.4613156647442891,342.28,1
334549,-0.0110667171852478,-0.6018803519086726,-0.049988984674495,-0.3703701781584087,-0.1331345809699073,0.367329624659414,-0.0237565544319706,-0.1053136845929802,4422.1,1
331888,1.449951980554517,1.4355944628088164,-1.880934158831974,-2.119272772331049,-0.4379032457891904,1.1236242325042336,0.6037799501260241,-1.2662205128561626,6409.62,1
561926,-0.7203934040981195,0.801755711749489,0.9401461286263338,1.3255987908782692,-0.9234249557125932,-0.6839604218102948,-0.3237231105855338,-0.4144493734862067,7487.78,1
448453,0.3386885441225042,0.4612689490072135,-0.1085451979352455,-0.9060751505731632,-0.3423254260377167,-0.8842082190737716,-0.0038159486168832,0.6474554239980208,7655.17,1
482265,0.6427037553719461,1.1834111726231356,-0.8548335080272016,-1.8158581965325984,-0.0761901319485598,0.2491889797307713,0.3377877336380517,0.7008151422423868,7279.07,1
419770,-0.7756344257780656,0.9175564626612172,0.8814733508167009,-1.0043903837530892,0.8302183651671399,-0.2922153337788681,-0.5703761297343515,1.514597947968687,7123.49,1
509457,0.0057910789807006,0.6602377709092366,-0.1926556035889788,-0.5701080563896423,-0.2304241190628747,-0.0574987435566565,1.2001055927144046,0.4909561756475101,19213.31,1
448559,-0.5782792205104387,0.618530833850817,0.6304308026106602,-0.4006128125311045,-0.3583937364135285,0.4933378123149579,-0.109376283342107,-0.0836811681977868,2154.09,1
290002,0.2033834342338326,0.570502377485047,-0.0518466615501913,0.0459438517120003,-0.0123377145540958,0.6590070806528971,-0.6859598665479772,0.133056248389269,11885.92,1
514421,3.246770632281889,1.273219017180789,-2.41702529056522,-1.307548092284918,-1.8260376229271744,0.376327647377399,3.615028382343485,1.5593115947250022,4622.47,1
375789,0.3600675531454826,1.0666625768819509,0.0899753953968541,-0.0265811292133603,-0.414933920909609,-0.0911564413938287,0.8830798809478145,0.4255086537547886,13859.5,1
439120,1.505330560959126,2.359011755355776,-2.0009026170717443,-1.415198226877921,1.0588006726293555,-1.68511000439973,-0.5647589843921378,3.097926753722069,874.63,1
405737,-0.0888822521359404,-0.076858496242418,0.6285183642162738,2.387629046546482,-0.7632332193717456,0.172073122022328,0.6074531056445251,-0.2172097921546422,10198.71,1
537252,-0.163194346175466,0.1037091219139377,-0.0744919074819363,-0.2820175599760822,0.6820814014222178,-0.2418560649561475,0.583444680754346,0.285445454709522,18224.82,1
509564,-1.4423969984839833,0.31326824384099,-0.1518217907501881,-0.3568572042284968,-0.311254249905831,0.0018353935638627,-1.901686791799943,-0.2620359441877648,22232.07,1
555424,4.281279325177217,2.3307047988762624,-4.242747045229201,-1.4732998750794446,9.756014987858071,0.1911446276502824,-2.3783964485807982,-4.070025695347968,1960.7,1
506675,0.3627658770804517,0.9310203289990432,-0.0560312941979618,-0.016724439321819,0.5455443415654337,0.0734645805936804,0.2327594936469529,0.3770203043315577,2543.43,1
372950,1.375470644564257,1.76988022485966,-1.1550623113605811,-1.678896803200217,-0.2894642182842608,-1.9010142761197948,2.608718608297753,2.5704708942141177,7139.5,1
417808,1.0739307071045383,1.6718273443626737,-0.9373915589198292,-1.0141758195156452,0.1461267768792205,-0.894970658796433,-0.2615711677100802,-0.5460409732215559,5266.1,1
489364,-0.3206842241252866,-0.9084479567243484,0.4649907443763767,0.3123744991048887,0.4726601352804174,0.3471827360126879,0.4904404671937507,-0.1290238610802592,21955.08,1
480900,-0.2528483169092406,-0.0973155051668354,0.1230471316963188,-0.1297021568607202,0.0767805792855671,0.8277160833537973,-0.3050826919544893,-0.0103533523703983,15680.52,1
565654,0.9954562247106375,1.5682235933589896,-1.2417190071108062,-2.270635364179564,0.0433674984423892,0.9757728199402232,0.7208078861236948,2.270527754074899,813.12,1
349044,-0.2792720299389218,-0.0569968608574015,0.6129377470308974,-0.0008140004706723,0.3266737025974762,0.6630918783770747,-0.1195561908153478,-0.0614693558976085,17470.09,1
327647,0.3816059101979984,1.0694139131361229,-0.2990095835896521,-0.7331796023340175,-0.6381956580909588,-0.6434347715392293,0.3382523725207231,0.6725884502413549,22058.04,1
346919,0.7208788314450727,1.0428829096809378,-0.9233523259572648,-0.3624635924696036,1.942017367442284,-0.580277738703739,-0.7588346718331577,-0.0411506544366432,5192.93,1
445060,3.2355965073301856,1.2718695291258495,-2.41117814312392,-1.310905909925231,-1.8170481626261132,0.3744682680472365,3.5946435373487025,1.5670918115454138,8784.92,1
429090,1.5098920265415214,0.7603541428791839,-1.175590457418934,-0.8038561267005798,-0.8443856289907311,-0.0236012734934469,0.8948867081859491,1.2845377674741545,14078.54,1
331780,0.2727474197774001,-0.1785987462010577,0.0664282079784783,-0.7528758720229012,-0.23259162033251,0.074372798138876,-1.4249264102959294,-0.5128784909692289,23650.53,1
310121,0.4379814540557574,0.9334306641221036,-0.5183805607689382,-0.7927030618284415,1.053812167564438,-0.3954236863895556,-1.1997292104390451,0.3006361652801115,20416.44,1
293377,0.6453533900414324,0.874901124554789,-0.8688306797617651,-1.3648916720593631,-0.3464742377757649,0.329636622503548,-1.2863975740513565,-0.6491609114834277,12003.32,1
460990,1.346134351548584,1.8170520926606009,-1.8144532404766756,-2.012037973464074,-0.2888451560984343,1.0062793161645327,-0.7990887209991906,-1.355398595817375,16830.6,1
501291,0.786763261075732,0.7993045410271107,-0.7260697137950929,-0.8770552665544616,-0.012619129387386,0.9698422133093004,-0.6174566820547869,-0.5198032414340193,4982.96,1
521323,0.7052136144245675,1.1665431936692747,-1.344503576339041,-2.04017785702644,0.2023628546187075,-0.8445986317601623,-1.5607815603895467,2.922125395762592,12173.0,1
556794,-1.577732890514321,1.114014925795135,-0.2750553027383356,-0.9622717732082996,0.3577050167209726,-0.6106485657048287,-1.35948782192618,2.132648129448637,21887.64,1
457876,-0.0331234981880172,-0.2232011080240662,-0.1516491887287189,-0.5634770061168146,0.7482475874128837,0.2777775691132054,-1.1176310146153456,0.3290514546015499,10538.6,1
342557,0.2569379429551931,1.1108836587108837,-1.002548391410895,-1.5622213054706255,1.0411105358294837,-0.1370312705059815,-1.8190628795873496,0.4406293010896235,5217.29,1
541519,-0.0644103065199181,0.0297119606659229,1.140457998724781,0.0003064446664028,0.478388608794327,0.3912199809796479,-1.237799315067718,0.2257772277737156,20026.38,1
391768,1.530839009464144,1.834680308809313,-1.985497811900092,-2.1817840485514712,-0.0708354864488645,1.4836465427236725,-0.6304694510709103,-1.7416604592677998,6991.17,1
399981,2.126092310028824,1.6230419623132324,-2.57775813760592,-1.8626595917001276,1.7634804955060652,0.8088955607801072,-2.20457577927486,-2.4309457071032763,11110.37,1
478571,0.378366854562558,0.8709647842389407,1.1836141063785226,4.377575436911789,-0.3513400551237366,-0.8883330999722389,2.185239184165747,-0.2268785340729974,5822.33,1
518751,0.0267918048369868,0.3892557902138813,0.0498115040280304,-0.31408269077031,0.1862415721662139,-1.2899145111570345,0.4726349200915706,-0.3041911472518372,21751.37,1
508500,3.12527674097976,1.2539505779202058,-2.3305454332886697,-1.347063446967928,-1.6906011746398537,0.3245777690028419,3.508745452061249,1.6266189455607163,13861.71,1
502111,3.959843230237629,2.245327205665213,-3.99641842626418,-1.4665696334761715,7.151842726385666,0.1272711340758939,-1.4454834141905346,-3.886698731930195,4830.85,1
553133,0.7498873987335946,1.074240843810272,0.0061305662525969,-0.2013750730607137,-0.8036115183123077,-0.235856573237438,0.7892347742538295,0.8458850836421203,21854.91,1
441853,0.3593698917640958,0.7319038607101547,-0.5705804052104644,-1.0320223193760931,-0.4391610524356164,-0.8717279325986284,1.0316464699464374,0.915127697991924,19084.29,1
317004,3.704073302335424,1.8800846930702355,-3.710760714402943,-1.608268421939075,7.050092956539156,0.514972842323702,-0.9132545793987494,-3.7615304322818126,6885.87,1
365892,0.0117038146902565,0.2911488069784456,-0.1243917553881332,-0.6137875291782301,-0.1823382945496592,0.2119957805635269,0.3837627309982764,0.4288694921443982,7956.27,1
540419,1.601703198996378,1.2858644061244338,-2.1145826325018917,-2.0835917956868237,1.2801374533994314,1.544183190228935,-0.209268629804377,-1.671125007711223,20763.1,1
418631,2.3957597922240064,1.1831852963191771,-1.9539928402413576,-1.5402059885427133,-1.1613223183560544,0.241692924199186,2.2196588061483995,2.1126596036317378,23827.25,1
292408,0.5309180701867601,0.445645535919325,-0.5377702778530326,-0.7169906780166295,-0.3859630453569182,0.1799363516044826,-0.6127408844704152,0.4798372504045329,6760.54,1
496658,-0.0286002169578322,0.148974253245753,0.6595220173502806,0.1678188119774882,-0.2390963667401424,-0.5552988925356727,0.4498692924669444,-0.0401526718694082,16789.24,1
553692,0.9189633862463636,1.0512954072720986,-0.2920118881649767,-0.0332917343932902,0.0088289311258266,-0.7892300969332727,0.5220488228067494,0.7982991029763565,16305.58,1
310997,0.2792761088575243,-0.7480097018729418,-0.3024389100847698,-0.4342314044733316,-0.8403498854559819,-0.698131488154648,0.4143713796721275,0.7403750020877139,6585.23,1
469251,-0.4066582512120804,-0.4122351518147169,0.4801504979174891,0.7764865448547198,-0.1884819370531562,-0.7289304354045374,0.2650906991584448,-0.2314107878814052,6334.46,1
551025,3.282844971960253,1.277573473296812,-2.4358687357147866,-1.2966690487172468,-1.855048048561718,0.3823548170935046,3.680943373461404,1.534278893159471,14348.18,1
440187,0.8914449495402532,1.1229720782853376,-0.5324367642481285,-0.3445904212906814,-1.1002446543860276,0.270617060188042,-0.4190071228665806,0.1371913917821572,8834.82,1
536816,0.7409540150413201,0.841353669509434,-0.9985410758290758,-1.5043053319614368,0.6112849617778632,0.0535399048521597,-0.5078226910929629,0.321811627009002,9682.73,1
525384,-0.4960095934013076,0.5571373343961612,0.019773265620414,-0.4548566323904203,0.0514684710715004,0.5613027092323416,-0.2654721502095368,0.5814099580940113,22557.3,1
317060,0.2929572082549353,0.759853135904219,1.2895239212354006,4.484689275435247,-0.2436086964197013,-0.190755391365244,1.40457389220141,-0.3776025849159245,5407.57,1
464850,0.0321561845925533,0.3134741982588011,0.0415338740279322,-0.4348213443894896,0.2632630142193713,-0.662581714561,-0.306614737725018,-0.8120632102028912,16744.62,1
382680,0.4966521258386445,0.6592249524830516,-0.5287481648128147,-1.1077690678232863,-0.0905431697526996,-0.9975426790890214,0.2695647783825888,1.0741433746252065,19398.15,1
289892,-0.267521863391692,0.7519881247405991,-0.0870860215729805,-1.1739538437189383,1.2053150156125525,-0.4348624855517893,-0.0684672574647498,1.0378290939563588,5199.37,1
308219,1.1654717442229874,1.6139970122033098,-1.6485192905794226,-2.143066827411942,0.8027391202399694,1.6469096951337618,0.541830224057293,-0.3865437507334577,6955.91,1
510360,-0.5795192357789586,0.425582684938019,-0.3947469139775961,-0.8954598178840147,0.5686324288838805,0.0334110858148752,-1.4684731289156514,0.9810018874239886,9982.86,1
290435,2.566717603254736,1.2065298800630202,-2.064205644264628,-1.4925262264391497,-1.325107714874164,0.2896003151543951,2.4308987580747794,2.004255440017988,7071.4,1
509020,-0.0042769528216587,0.1179657357943109,0.6137600131006808,2.6472310353664503,-0.6485693721996527,-1.8064689734597648,0.398962011923647,-0.1047605768907529,11650.54,1
302360,-0.193499323183887,0.3675192372827894,0.3779894491159366,1.122754931611634,-0.1386522791739224,0.0710810041886865,0.5578086990033134,-0.2068991563677014,14994.43,1
460431,0.3182999031877076,-0.0397665369110469,-0.1783143146890096,-1.080679825573321,-0.5491512209373083,0.22138316335413,-0.162856236084658,-0.475456061713744,7685.39,1
380670,-0.1149949482945082,0.3390691294804148,0.0023047990457731,0.1446230121516691,0.8567794647722778,1.0063070831229104,0.3931993126272651,0.2326713983840987,17271.3,1
551046,0.8074744331701812,1.4025828419406554,-0.8920992052922888,-1.1557457137049552,0.0193845798090947,-0.7794510490640231,-0.0508555269817901,0.3057344424949975,16003.4,1
495432,0.2367112693594699,0.1174265480218285,-0.101902706233601,-0.5731319112162158,0.0593514508354143,0.4089511829251412,-0.2635609875722453,-0.1920818403132322,6090.59,1
395622,1.2864103536421931,1.6849719480668812,-1.762204993480705,-1.7689765241930289,0.0770788035825278,0.8574465929887938,0.133327156062593,-1.271852598081867,21036.46,1
441319,0.911386528387606,1.5429666256414984,-0.3581518018520053,-0.2010959357689643,-0.566365382948487,-1.3150637254883242,-0.0969611576837364,0.6017401216890377,22193.85,1
319503,0.6318273656873085,0.9190595922105436,-0.7596027916716366,-1.337373036011728,-0.3417826041774716,-0.3171661677910951,0.4337543696769385,1.3121434344717522,11138.18,1
355614,0.6010438982244527,0.9186230668821316,-0.7605151694568966,-1.3241011933018905,-0.4349773943854489,-0.5598335670986903,0.4934943224669931,2.08695110158098,21084.7,1
367442,-0.2860611072497658,-0.1825174227793957,0.4642598847764261,0.4820912372904184,-0.1653977421267549,-1.2358427881421628,1.057186392681401,-0.190557088821488,13990.47,1
413406,-0.166606300816756,0.3453358584889112,0.4185870445892595,1.1228162424606258,-0.1867676723619356,-0.0765927212083354,0.5099993919229571,-0.216094901882727,10974.73,1
471687,0.4952470108272448,0.996692272752106,-0.9480549379454366,-1.371892221685012,-0.4848020396740422,-0.628691051284747,0.5276271076864275,1.6362216955815685,9182.98,1
285613,-0.165616766493397,-0.4442622175420259,0.6057906801215802,0.720227466692124,-0.3738169541792474,0.4524171974817482,-0.5430551605688199,-0.1980455648850684,7202.24,1
294465,0.0316012414690701,0.0489070920091626,-0.0278689602846011,-0.5028730982464169,0.3405245694436647,-0.6029153370225095,0.4261314690313717,0.1954599584708624,17871.01,1
515841,0.2450396667129409,0.4009084058877062,0.0867502096113366,-0.4828395056558155,0.1064244132772113,1.0626219839637008,-0.5644574247542279,-0.8711022528675795,23516.16,1
337480,3.328523232704444,1.2830950844129043,-2.459683409334513,-1.2827963440594925,-1.891794972747484,0.3900125258273187,3.7647545727428624,1.5026030391389116,1018.18,1
330775,-0.0797789074505913,-0.2732266719679189,0.7095366055300854,0.8830860934516733,0.2913027792533808,0.0494714247228566,0.1342143642308091,-0.3838270096329456,15404.38,1
406007,0.6654269660909162,1.4431914212234762,-0.5008636948759032,-0.386705850651338,-0.1733755621397689,-0.9773005543930706,-0.0317691912865004,0.3824361080803075,6445.84,1
423994,0.2308820115938377,0.4527235380047016,-0.181777159513474,-0.6954522914134573,0.2036028498547922,0.7657285380876682,-0.5247182995088915,0.4122169436896057,15731.83,1
488772,0.515332036853693,1.080886905602422,-0.7725948252366955,-1.62418904821008,0.7659855074398106,0.0401067533145586,-0.1467224858479815,1.5820693510268995,20172.72,1
434852,-1.2607047689365178,1.0085618596965142,-0.0605604092351226,-0.8929947427911736,0.0397600266310065,0.247377005959797,-1.0568193620744954,1.4163811412404046,6035.99,1
308606,-1.346967101401344,0.1546273183305953,0.0200668193370155,-0.7015940544868906,0.8411860259138295,-1.4671555344466698,-0.3701534594491097,1.1436882178587089,5314.46,1
301171,0.5352879027173475,1.0780965593585683,-0.786299296999772,-1.6219131735355026,0.7602370067932083,0.0389490318562794,-0.1348943828458206,1.516141053072393,18561.12,1
457764,0.4132377067595595,0.5924026655132895,-0.5411459332349349,-1.0249572491712302,0.26922589568683,0.2010356853222926,-0.6889478735818907,0.3132753786076577,70.31,1
337233,0.6759119509242962,1.2016165910508467,-0.5062026451831348,-1.3097289159848735,0.5197343749567866,-0.7670553750723828,0.2343565945047165,0.7819479407548611,9559.6,1
409321,1.565972813198787,1.1179670752631152,-1.8775705310765705,-2.0702153025199888,-0.7162669078318257,0.9057149663513386,0.9491500822293052,-1.2705903150124336,23356.88,1
291757,0.9785458626673836,1.9152535779627429,-1.473113586407573,-2.179558707319238,0.5780847074786843,1.0649875939132811,-0.5645378016183348,2.0742740417826586,14761.83,1
369669,0.0609566700700959,0.9775546496378256,-0.8940067812853676,-1.44940481381209,0.0130115625382422,-0.9267241768422956,0.854137318902038,1.0966299995073128,12080.66,1
315486,0.188604781298719,0.4293750199154791,-0.5491921198127212,-0.3569044851402044,1.2128286985126164,1.1237865432537808,-0.4366977770555849,0.3217473908077415,527.26,1
447346,0.7129712803733262,1.1034404974847762,-0.5174087878269078,-1.2772777794831718,0.7215537575300068,-0.7013785327797029,0.5366533055799224,0.5827742501318398,21344.6,1
555445,0.1671258887964433,0.5781243942084474,-0.079032424957702,-0.397451033991749,-0.5615701190851644,-0.5849407401776423,1.0332602620544695,0.4333992407194498,16488.83,1
559593,0.0683527955472687,0.239790856429097,0.3764847357884789,4.01987593432222,-0.7626044132681369,-0.3606303751119601,-0.5674453439979296,-0.106959712789629,21952.19,1
547105,0.5763458404494933,1.802900329410211,-2.4162364859111287,-1.76477420908993,-1.2007616943149475,1.1680606117608852,-6.294066252122961,4.507529812007076,19935.89,1
547833,0.5189664872312654,0.660954567550446,-0.6051603885133116,-1.0704570678433312,-0.0162224532369959,-0.9810527973343808,0.1042452738852313,0.6533943704410973,12754.74,1
505680,0.3446449135199497,0.5578134343208021,-0.5161948310284281,-1.286551627756614,0.4694445612906552,-0.6498455934613877,0.1816626186619236,-0.2596577715703333,20580.58,1
480666,0.9117896118367198,1.218149826345032,-1.140392617321666,-0.355981999926188,2.462834470712897,-0.8732243635586572,-0.8453674046430155,-0.1226230697800794,14391.75,1
459780,0.6809976615324609,1.5497121149979252,-0.428876970160204,-0.6502178089685291,0.5985631611573998,-1.048653968795228,-0.5980794332631744,-2.449447174858724,9919.48,1
300696,0.5696604000490042,0.9974319787638204,-0.5764225573810637,-1.060490367900372,-0.126195435678472,-0.1708785994924744,-0.8064712641823916,0.6668931490453837,11290.14,1
506235,0.2479714637895736,1.0291215551083932,0.0300972996708374,0.0052423649917131,-0.4979874003528577,-1.244543337750325,0.3854893445078003,0.3729962891933875,22690.26,1
477612,-0.3187958035552713,0.4051888982426304,0.481476463400507,-0.6573385212851907,-0.0705939290170151,0.0574549951002631,-0.5849582297931132,0.3175993094216574,19799.88,1
527813,0.3333629780100142,0.9818647543914352,-1.1369306928087717,-1.4111363435026636,0.2002569991587105,-0.7895193208601167,-0.3047498513097869,1.4870797598952448,15924.2,1
380852,2.460825829789945,1.194082791144369,-2.0066938004553845,-1.520853530240989,-1.2405315953687188,0.2732053156038682,2.2522218374000627,2.0789911058375004,4257.76,1
490263,1.1212110193561944,1.7547766360080084,-1.7721262243246974,-2.151660742785537,0.1971329055028386,1.205992384225371,-0.0856445855308716,0.1640759839735417,20666.64,1
523189,2.2459826289410296,1.1777645276887745,-1.887493962237749,-1.5720401560774837,-1.0881506584542335,0.2454211533162504,1.9449781609642416,2.1995158442817084,14257.23,1
358581,0.8344615454727419,1.3833497423732115,-0.2274892754956247,-0.2203877159162323,-0.4654547434962997,-1.2159200061427218,-0.4226634576431755,0.7130251524283251,21438.38,1
482229,1.2397519778201562,1.4580941030949577,-1.7532539358551444,-2.054926269975477,-0.3432702555912211,0.9323207865803358,-0.2974102121076166,-0.2157831922441632,13247.13,1
515229,0.8064421484369166,0.7085401725241878,-0.7786408774804368,-1.107748533559557,-0.1253222413504221,0.1519529529604391,0.2553346860911584,0.6461135724891464,13899.24,1
505038,0.294444917787606,-0.1389265587975758,-0.2991067283748534,-0.5364296843067542,0.3620369536553181,0.1948469993991325,-0.012222963787708,-0.8338142429855915,8906.92,1
432862,-0.1143679160151553,0.0989108799316296,0.2711978768910854,0.6678774468544236,0.5887740672120083,-0.1825255033627779,0.6672391835885153,-0.2135886425837919,12895.65,1
294490,0.7076733771388276,1.2957937131817563,0.1410745568590144,1.0330078905800109,-0.4231635925314959,-1.7439251827798037,-0.2765981398411834,0.2910316798350486,11681.64,1
520390,0.2457366655908983,0.2775694692154087,-0.3588677307292527,-1.0196996260803195,0.1839892779693676,0.8506676547019247,-0.2461754109067473,-1.3608999476152146,16659.96,1
470825,1.5923638351155835,1.9987964755595535,-1.3629153559715743,-1.5918325396259974,0.0489051059902768,-1.920280094649424,0.0512084216855945,2.3141919603663355,10687.68,1
562005,-0.7583337299013737,-0.05372615797312,1.4056102924365617,-0.1678262858962405,1.020472444689785,-0.2439649548209689,-0.8007606981111284,0.3477361744762608,567.78,1
317087,0.3965006797002945,0.9700852546615664,-0.7437410051833766,-1.527853908625329,0.0369117388651916,-0.3502526282393122,1.5861279346822297,1.7169615577078503,3660.04,1
340429,-0.4783879739682671,0.4215965912329749,-0.5177369357204374,-1.038846583353456,0.3304732441831437,-0.3640271217935818,-0.6862422045327876,0.7272170056126177,1131.89,1
346380,0.1456320431693423,0.5155784445567296,-0.0539073438786066,-0.1974467309732282,-0.1907288328511732,-0.0950020699073213,0.088140219850345,-0.0486731133749729,19874.11,1
455863,0.4771447352853816,1.099673958622337,0.1919828943370077,0.5978433549490878,-0.7869529423962317,0.8046507073424611,0.5534452651005106,0.3751094845527943,12651.36,1
395187,-0.0371506562937501,0.0401721148319361,0.6208834898414547,2.541986690129188,-0.6946458419567827,-1.107380355284037,0.4622663969662418,-0.1506588213625407,16757.83,1
518165,0.1070243242299255,1.0330163597524027,0.7093102091962271,-0.0055213440254687,-0.6284654308331526,-0.1124734755847654,-0.8817790970207061,-0.4705843020264146,9199.94,1
416567,0.8747371677377216,1.0812313010742225,-1.3886846171752716,-2.0606795541339182,0.4019116123007407,-0.3231291569064111,-1.0006252527464878,2.3533673956557184,7927.09,1
292679,-0.0470727660663576,0.7606772410931713,0.5795719644715095,1.3732623022011503,-0.6027443548778302,-0.5468169224906952,-0.1897549489704131,-0.2294106263486003,3218.6,1
410561,-0.1264939684652641,0.3971372377466093,0.4812297029044718,1.367268186447023,-0.6317809855357008,-0.3151254988791331,0.63216255253098,-0.2218117411974498,18992.62,1
389221,0.5471057684362745,1.1469717661288126,0.1196577487739156,0.6387458592480995,-0.0470386486586584,-0.7485492500143762,1.9036622663174316,0.5395206208613207,19237.43,1
487101,0.339151177823471,0.4128592858469144,-0.421415264929257,-1.008787435128659,0.7278796601762741,0.1157689098157254,-0.0699937099990971,-0.0802695360843542,198.54,1
314319,0.4701278215494111,1.082040968744629,0.1789913207437974,0.5551858959618632,-0.7633509408538214,0.4501392016619203,0.5501945912833639,0.3748415666341,1146.8,1
434005,0.22871413623134,0.5656585782015986,-0.4819055934378431,-0.5607582462732524,-0.0783998461155678,-0.4819330287246499,-0.4820182362543023,0.4072706684326945,8366.5,1
540504,-0.2707448835447343,-0.1869701497586104,0.4677306391612116,0.7594758414950719,-0.1310137724019314,-1.0607303439628042,0.9459494882361552,-0.2056962187520559,14979.12,1
321970,-0.1418636186889688,0.6362593742059096,0.5244630341341798,0.734720417060101,0.1917906410946662,-0.6363088093356399,0.5347804381169406,-0.2500491123416181,4380.02,1
344078,-0.0351999188996446,-0.1632114056761946,0.7880183595704944,0.8484397419948002,0.1046745570469635,0.7539622462165858,-0.3545352339261323,-0.3460565885033491,6421.82,1
435042,0.3229964436309417,0.0809895913888387,-0.2276104359446349,-0.6260816906960898,-0.1953631194331286,0.1580427828516273,-0.1586542321559843,-0.7303092987456365,22619.53,1
304246,-1.3612098577364058,0.4702894816124084,0.1898613493241513,-0.4631057825787785,-0.5514185701969061,0.1728457852694844,-0.1068688447266192,0.4664128723932025,3371.53,1
297205,0.1854520270256581,0.8389909571114632,-0.6826043310008468,-1.1459102542578286,0.2517284236840148,-0.3078221163148779,-0.766682306138838,-1.417577550605135,10216.01,1
312673,1.3231273091992246,1.728305160522768,-1.8065197341897228,-2.1986662550540355,-0.4122320931432961,1.3689371418026517,0.1876513674515751,-1.2698497688082615,19692.1,1
548235,0.3864954883304279,0.2004419743242916,-0.1260964576941248,-0.6727437411709317,-0.9002819891705499,0.0975467638914593,-0.626778419525512,-1.511114834366571,5476.22,1
420877,0.28205527475301,-0.1229795120440306,-0.4952978937632251,-0.321004115981807,0.0598861175510954,-0.4571858141138111,0.1238610013243527,-1.0911479189787472,11846.87,1
313155,2.599199263414968,0.5035268915774673,-2.3230949360903512,-0.7223827986406642,-6.450353017960277,-1.0750482999624311,0.3498809024854172,1.534445136055664,18259.4,1
440884,0.5835220654110783,0.8306355096339731,0.0113009066778484,-0.1585161052714345,-0.6710214591626316,-0.7553756378279003,0.2357853190038995,0.4190723920832492,15261.71,1
410532,1.6050081493543986,2.062055332172872,-1.3846565564598137,-1.5751582513399691,0.2035337800906844,-1.925342908115261,-0.9250288678142348,2.3624017271648805,15810.33,1
554531,-1.2534885824088255,0.7965758359462659,0.3967091087323798,-0.1549328991972824,0.2001032413178221,0.2514395731503471,-0.8730707255590298,0.3599636689132033,2722.62,1
423008,0.0736389387889674,0.0100941103942783,-0.1704205446514841,-0.693665471135159,0.5706993291169818,0.1411844797827266,0.6158294139363069,0.5159433030773585,6210.45,1
410542,0.7998563612701192,1.1554838573665611,-0.7087010417598639,-1.1214103749222002,0.8068595541396291,-0.6879743110998272,0.3495492059778751,-0.1526734337292398,18714.41,1
359934,-0.0403735614115903,0.0329983074393275,0.6213615574766357,2.5321995390138814,-0.6989658975085196,-1.033798225649469,0.471344880921462,-0.154881253131997,3203.52,1
305411,0.4168815659469648,0.3286357385344809,-0.3450457003026427,-0.8676879168821025,-0.1028484024000246,1.1111372114619285,-0.4296055825910648,-1.5544902103014009,14063.93,1
468729,-0.2650400496317974,-0.6428949072691909,0.7734936724809955,0.5369822995646156,-0.1152671005242711,0.7506489174304855,-0.6880736593073311,-0.1182119294594457,15471.06,1
516482,0.3733627323442089,0.9006219617930626,-0.3903208439091105,-1.0995515351578289,0.1947154370798552,1.7175859324688432,-0.8695781713068249,-1.4131748629091765,22951.37,1
538531,-0.2247413880620915,0.958473649068718,-1.0734648386474772,-1.5370780791983871,0.1177049232079231,-0.7733556958341089,-0.6846104813909741,2.1048189177040517,972.62,1
368156,-0.3054865622022601,0.6202051647598235,-0.3861535798739499,-0.734858190542905,-0.2290935762004434,0.5910259239885113,-0.0225833608269283,1.3159496959716954,8756.7,1
301263,0.417059497753613,1.0915714483475192,-0.2649868888049144,-0.8534339427918838,1.063404639672345,0.9839894212685142,-0.7743080631930191,0.3266880286823886,20133.37,1
373017,0.4141909995886799,0.6491513630590242,-0.6057599642856987,-1.1510291998883964,0.1739479801867026,0.1212563831181023,-0.7768256946745986,0.2832499637250955,13029.23,1
465972,0.9505265213121106,1.4964909745422876,-1.5301838851102656,-2.381259094778548,0.7768645608506931,1.3114713034027718,0.5320437728375454,1.6741962094635814,18830.56,1
409295,-0.3638497105963149,0.5955664220980411,-0.3806366817266633,-0.6888786339892833,-0.2184427894333917,0.5002947322093523,-0.3529210218006768,1.4303270597398563,19553.2,1
488158,0.4608002230183786,-0.2115596671698976,-0.1718072488550974,1.808452540152066,-1.5763862617906526,-0.8404627869500104,-1.0540361860092589,-0.3103143303921321,3255.63,1
385911,0.2760017070306166,-0.2989634869336786,-0.2528192774404266,-0.8913147103946455,-0.5980136281506548,0.3688254163864702,-0.1971139131664389,-0.7623455437382088,15737.39,1
522813,-0.550866954871289,0.0225185939614815,0.1948538000297785,0.4813831208085491,0.2972975392895838,-1.3709233514604593,0.3184566282152747,-0.2517967566444702,5965.2,1
289516,1.7773871243087358,2.0593510251219667,-1.4747019395661525,-1.545408658786373,0.1523008939452425,-1.937841135347152,-0.7446368138614204,2.077822836611442,3302.29,1
382377,0.4062723815079709,0.5563728965951681,-0.1343594226489908,-0.5913784112580095,-0.5038596018400016,-0.9837154899935706,0.6212587272291146,0.3181449155626049,4411.19,1
407376,1.502301085824139,1.792229271920427,-1.852749674892184,-2.1362694691235,-0.6027352983319225,1.3987205070750262,-1.4877564632286644,-1.0386805465204634,22131.02,1
496769,-2.940787844001364,0.4921158940096501,-0.7272533506461516,-0.2525430294470021,-0.42887886847708,-0.9304566076571936,0.3988353868956626,0.7207536770541959,9569.08,1
566350,0.3293621808068627,0.5746030554326563,0.0116065033114147,0.0258103877243123,-0.4005841598690779,-1.2547600015725735,0.0784992652175377,-0.1489523025613517,10223.79,1
353478,-0.2060952233315857,0.0875876830403022,0.2682044223983758,-0.3102183100810494,0.4624726954441074,-0.2828175586580044,-0.5275147227600825,-1.666381065675347,20362.37,1
421156,0.3466316690718029,1.015038363190396,0.1634180077023183,0.0794088391119446,-0.4233071857125344,0.0157998574856042,0.9636359431673336,0.3441814216440982,19889.84,1
286257,1.014559648023264,1.279298889960503,-0.2855682193814032,-0.2145066552123926,-0.4634942396291725,-0.4780011862074691,1.8786996538888432,0.4326925046259604,19187.54,1
349091,0.3744872860732866,1.3794275624052603,-1.218598237279224,-1.4828074558208024,0.7555268050162953,-0.4674704083994656,-0.9940228378860716,-0.1963799384015263,10720.24,1
510143,0.9097438278146964,1.305916823820338,-0.2464230405394759,-0.2377602009361826,-0.4888636594740985,-0.4648348557688637,2.1635711851371373,0.6323912697214918,17053.28,1
516535,0.8089771999701192,1.277711329300652,-1.438948761956028,-2.2545406654382187,-0.0208604637395193,0.8940917021618873,-0.0224957186468428,2.529668476502171,3126.68,1
472047,-0.0569613754527821,0.3928705277480115,0.5653787885816214,1.4696005773294691,-0.6780116262876382,-0.4156653708028217,0.8140773787473043,-0.2456563361055956,4165.1,1
544370,0.4189078565467475,0.4594375342271879,-0.1284273627746716,-0.349644329517487,0.1273019657915888,-0.2921769815746207,0.3291619371314732,0.3683711439085136,21471.92,1
556452,0.6639648538614482,0.8298915000148883,-0.5977641275923948,-0.984163456091408,0.7353967569707889,-0.6804095699963456,0.3493778014753073,0.8275383789187347,15374.18,1
540132,-0.4002832738116716,-0.1691800572284601,0.8402786670823598,0.2261031855407307,-0.1219995618926465,-0.1087522951483979,0.2925034264334051,-0.2321514813358872,14997.94,1
304818,-0.0082218061701063,-0.2728435269452935,0.1683537773155656,1.2979254243812022,-0.9879116450097256,-0.2459636766324211,-0.4815567101183041,0.4978960532687864,11836.05,1
343040,0.1755184169795896,0.410926525741731,-0.1930650707075669,-0.6411911007677389,0.23484869087418,-1.02669359530075,-0.2152428868423516,0.2360631467065889,20821.64,1
525961,0.5165960101524569,0.7792112928395644,0.5355470868998852,4.591575696200986,-0.1951871301071008,-0.4305413180879333,2.0590683453544223,-0.0856138062933224,10117.7,1
562591,0.0764263301155637,0.819168054909796,0.7498411035177803,2.2648343280275878,-0.2947476796027863,-0.7260031400890848,0.4176602985499969,-0.2388367281693127,609.6,1
376637,0.1822863870993522,-0.4051437567776666,0.2266014529495514,-0.2209281364115587,0.0925154331707079,-0.0602016522616144,0.5014272868624648,0.1032492373701821,19980.3,1
464776,0.5712753316982062,0.6557477930269386,-0.2352631440684051,-0.569588750040696,1.1989973944306702,0.4803757693209619,-1.7333225976244062,0.6843149005189154,12004.34,1
454764,0.483697254035051,1.111830204850226,-0.1709893878148448,-0.365052026483257,-0.3181602536139041,-0.7105635588245138,0.0179009640287728,0.7577554448325774,15764.31,1
372527,-0.5263842314608259,0.081739812725523,0.7111016409691779,0.2667647485164089,-0.6221314427813233,-0.4943829676311536,-0.3809410927216209,-0.3059346455385429,20065.04,1
564181,0.2857833579048745,0.2704233008946258,-0.3539324282138768,-0.9489766889935988,0.1936136115349761,1.001949518717112,-0.3330330400332985,-1.4053085530258345,23195.06,1
321024,1.4559947477131456,1.730501573550919,-1.9094498343687567,-2.198229015100712,-0.0862344124616854,1.4720689888883112,-0.6203478929226636,-1.3265906993096104,11362.23,1
473802,0.7157631377375988,1.253325721838536,-1.3537079334632875,-2.004543299443461,0.3667121783033644,-1.03069213881566,-2.2786361043667838,2.780696355075699,8107.13,1
428798,0.0343735183317415,0.5708674588942628,-0.0816622398133607,-0.2698025784725894,1.1074252975030194,1.005398169160464,-0.8523537599333442,0.0817773846107528,10865.94,1
399210,0.9763999076040388,1.5470255005666802,-1.263609861509939,-2.2887404503604234,0.0456863380168518,1.013153639026478,0.7858130783062973,2.200931056800422,5229.69,1
466002,1.0674583340444566,1.577781617313922,-1.592046340908107,-2.2741696877841444,0.9419298642949367,1.537779555961288,0.6285819923202663,0.5291345246314999,17971.05,1
302189,0.6571462652570842,1.2129923945584025,0.2337054625309539,0.8137047832008523,-0.5299942653033949,-0.6874504636429877,2.289561026602537,0.4369249629937869,119.31,1
410937,0.8661365363439569,1.478852828056895,-0.2814987434776777,-0.104858993571277,-0.447655152934817,-1.701628318577468,-0.2124143323004582,0.5556874124475606,8238.38,1
434761,-0.1315873020927351,0.0827226850346456,-0.1603875567524205,-0.5305205601830111,-0.3873611726189125,-0.2326320802072313,-0.6217187364895597,0.3511572743781538,10268.18,1
368815,-0.0567148927989769,0.1549926813243313,0.5602937836010065,2.6878784285958432,-0.6852721889425221,-0.1675052964182329,0.9997706720798448,-0.1190761538585285,5862.98,1
379832,-1.3858190425558108,-0.0256797831021012,0.7919433017361156,0.5207848923884754,0.5716218436349411,-0.2567986534708691,-0.1125767301451868,-0.5563558550685305,14889.97,1
363572,0.4604526325305018,0.535049068205359,-0.5524314028621918,-0.7065339826101932,-0.315505865188264,0.1820409295430931,-1.1259363270413827,0.3780965791912937,11558.99,1
348705,-0.6526647955189722,-0.6325157549789919,0.4128521250734363,0.408879089001352,1.8355595788075645,1.1650220406117306,-1.1227529698518046,0.1442684933606552,8307.98,1
408367,0.5666443726021066,0.6330558095752943,-0.7550368955912133,-1.0190922293307954,-0.0662673955009654,-0.1733808791663661,-0.6600762381321091,-0.3211874047429959,21722.71,1
350317,1.2385835839794914,1.7766952572044152,-1.0849504810823167,-1.6999656073942266,-0.2646179241157855,-1.8905045203993287,2.5423028045222926,2.8458802559925798,1916.08,1
433038,0.0473465657559223,0.4207187988932857,-0.0345534893060862,-0.4847461987841584,0.0952017869839617,-0.9015016348090216,0.2737612280899774,-0.3923829290657324,2275.96,1
421853,0.3087752033674479,0.2493448593835609,-0.0606928241434421,-0.0390037884302755,0.063586895897569,-1.1450565436752034,0.4751395865314272,-0.0239520667411715,9127.14,1
375293,0.3323554010511541,0.6479082518682324,-0.4936994034296813,-0.6147821830405165,-0.2985947100838806,-0.5820898904510314,1.2375799979684288,0.5522990237890226,9326.7,1
465441,0.0017713348352524,0.7491760960432805,-0.0468398728395279,-0.6185951273819735,0.3256196713535117,-0.3164126567143694,-0.0124462717516808,0.8553465683461493,14310.36,1
501800,0.1497018621256995,0.6403334208251759,-0.1002182487510024,-0.4740368389231957,-0.52015559235133,-0.4590540996533648,1.1640409803058538,0.4654153650272001,5316.04,1
455560,0.2789142462168307,0.2166591425400205,-0.3052719671819236,-0.7557858506598845,0.0332230066316884,-0.8586577078049825,0.2713601534941377,0.5483198152018415,15552.53,1
464467,0.6324607548197798,1.414424028897136,-0.7494809199429565,-1.1417797124268974,0.2228111537953667,-0.8767338514830643,-0.9971324410840244,0.1214903907662715,14550.03,1
435158,0.6264008052393806,0.4351703601773881,-0.174424457411841,-0.6430819719234158,0.9508741469708508,0.5394199791234554,-1.1431859018915542,0.4625700901898373,311.06,1
318971,-0.2148767504921299,0.0520196499652296,0.0518301398293095,0.0265889086187196,0.3098078240109081,-0.7731982368388667,0.6132336418380789,0.0916172923695035,8486.01,1
416676,0.3549111268393904,0.4116152527639127,-0.589351200275708,-1.2391132910287233,-0.1956417173099652,-0.3103328752320397,0.0062384147930047,0.1871861148725095,5516.75,1
354525,2.746468778472252,1.2277577626216911,-2.1610207827262005,-1.4433273920678045,-1.4687539368328546,0.3179019057358581,2.739166453871289,1.8778510448946135,22854.0,1
387492,0.2588743620750198,0.678226812218307,-0.0920729425587575,-0.3785644586882118,-0.3442868466029561,0.308066896535461,-0.142773805307763,0.5262550996357214,9957.62,1
349280,0.2819964485709419,1.0121165135597618,0.0907820297221147,0.0865538953914902,-0.4190385985929007,0.2783762857101935,0.6601161335332136,0.3252578562361736,11576.89,1
499120,0.6496377567188234,1.281433074772517,0.1393637588313521,0.8537393750164618,-0.3003197563128614,-0.3764705135649673,0.9601428453197548,0.4605805123854896,18781.55,1
528617,-0.0083023098013928,0.2977273658205875,-0.0128761818333226,-0.2558871777363966,0.3687287403490392,-0.427456238763152,0.5021377097552725,0.3557461857401701,12305.05,1
537530,1.103910386340882,2.017339666924709,-1.432144281184861,-2.0981192004720888,0.4717623740589724,0.692337139887943,-1.4278991934814336,1.8140697827645047,17906.83,1
390693,0.6875478478687305,1.3411295188041752,0.1469170962110142,0.9626730607069,-0.2824079204031089,-0.698294916940932,0.4095979912098749,0.4961580175375549,5320.34,1
350859,0.3271967444114392,0.3120359156561624,1.308319511396734,4.152894794419263,-0.757284205851842,-1.166382037828302,1.567829763133787,-0.5228433313847245,1511.12,1
465931,-0.3636347561220817,0.0683029451215928,0.2583452365715404,0.6370981482392064,0.6423776016914187,-0.6331111453830054,-0.8201002035562449,-0.1716252152065502,4790.18,1
373798,0.2394281548533724,0.70038296712914,-0.6391065226151814,-1.1079625878152544,0.0347462992292199,-0.2761219260041591,-0.5289180408606317,-0.8138604253434454,17848.17,1
427318,-0.8373117903164151,0.7376333066634582,-0.6104408761016171,-0.7607767481898952,0.0151303099174546,-0.2615730601348301,0.4819716780012912,0.863661887766318,14651.43,1
302778,2.483388222243092,2.1895899690944582,-2.7997361694399827,-1.9452734402931064,2.1652763426044124,1.2291929350216697,-2.056977119950605,-3.0702956225435907,13778.25,1
302956,-0.2327426217124518,0.3993001555888539,0.3224416806168279,1.1224697793717833,-0.0678721690459769,0.2920164106509885,0.6275851911861992,-0.1934907264761859,11977.88,1
317727,-0.6799066566179305,-0.2897953153473692,0.4407824026313937,0.671308306985376,-0.0728468271771028,-0.144241854870828,0.1895797702419793,-0.0939524355466498,15351.02,1
311698,-0.413616776127982,-0.0665368325865251,0.4794190354553779,0.3869148824043504,-0.230259835144648,-0.4487765311988388,0.1130523998569025,-0.1029435817475189,177.22,1
365571,-0.0291486348433145,-0.1091907907214373,0.7831212988806593,0.7906709610967969,-0.0373730188079381,0.6746237437389112,-0.489388754106483,-0.3022582917447572,1237.7,1
400352,-0.2613082532549601,-0.2783948423151338,-0.3111780513321643,-0.5666269477763147,0.8169677889079247,0.0325454069895681,-1.826778725972621,0.3461453078720873,11172.85,1
380901,0.3158289685568923,0.8722690794951308,-0.7727309400293025,-1.1339318678671844,0.3544957047536201,-0.2405159721122943,-1.1621293359954712,-1.4616407363527992,20185.52,1
520673,0.4731166846818346,0.6824258177972454,-0.5391457931197253,-1.1011014831377193,-0.0255721757539696,-1.2950044505922504,0.4814111077881663,1.2111166740318842,14561.77,1
360990,0.1976192122177867,0.0881607996588116,-0.344018994179743,-1.225166617853359,-0.4467584642589756,0.1344816926157013,-0.0050895376773768,-0.7802054248016789,229.08,1
314799,1.5969959262363551,2.355477289423885,-2.036051642669744,-1.400702063771767,1.0289056027706391,-1.6895924021303097,-0.4599560717599331,3.0791042877100785,20185.44,1
543997,0.3744605077232653,0.1916147140002416,-0.3340634226839439,-0.7172252723585254,0.2423289899235178,1.2022195444062298,-0.471802442124986,-1.415700559464667,21716.5,1
522743,1.0856492502889163,1.261124381241577,-0.3068275704380253,-0.2038421367115942,-0.4396814988258396,-0.480804474867903,1.7150375303049314,0.1650237004580994,10866.84,1
484813,1.2745465247257384,1.2769896932053992,-1.7028396404343726,-2.1044114356488444,-0.3983085675425349,0.8679595712246375,0.1301444382553828,0.1930999906696891,20009.57,1
404637,0.3915074668638763,0.7070337720529266,1.0000954933535495,4.473576294359771,-0.7160419902702831,-1.3080842579679786,1.2230773284134937,-0.0383297508309489,16121.65,1
427598,-0.0475896635791761,0.5162319941748055,0.536887235958278,1.568526766852378,-0.4985516450327152,0.2400756037901861,0.6771447496154913,-0.2512543300935575,12315.09,1
306499,1.253311828719144,1.251810060250535,-1.937168267544,-2.047662613557035,0.958691887156918,1.3067314425246266,-2.054137258718838,-0.9120621213596688,2081.41,1
289472,-0.1209562169983245,0.1674106170928904,-0.1856493732806556,-0.6631159938597496,0.3130391909196793,0.376028328901399,0.6432451025081971,0.4666283669681588,23509.55,1
560804,1.4823016937241638,1.5782646886061775,-1.8873146822573652,-1.8631474098515013,0.4806397837829552,1.1086312824671745,-0.2881077757618264,-2.276682617207679,7714.52,1
550917,-0.3643257868241375,0.2721349257348974,0.4191726957401613,3.409325779230016,-0.6293204581009725,-0.8268551836339915,0.6472872019675515,-0.2082835154162307,21191.61,1
457893,0.5465900173374781,0.7721562702876202,-0.6905764223569668,-1.2431924328627513,-0.4252065966751278,0.4328700095947974,0.1655586850706871,-0.4609027556012808,6535.77,1
536871,-0.7348179150149579,0.6141663101414069,-0.5390993697465948,-0.7832763375112127,0.1490609139850606,-0.2562064832906909,0.3181666825772573,0.7767936906887677,16435.04,1
481989,0.0991211445298975,0.6352832991721394,-0.1274128978441132,-0.5238267978509985,-0.5913714103109659,0.1649828457693823,0.6718710694657657,0.4853858992399888,13492.34,1
485162,0.2144818033260344,0.8438196308630288,-0.6695990544109589,-1.087139316109484,0.6660811151531483,-0.2864045832679169,-0.3048533657710487,-0.6236669359100827,6584.08,1
495981,1.998221375704403,2.340245352059563,-2.193179092181838,-1.3338501525954198,0.8927110370254191,-1.7128662422680088,0.0313157366121988,2.9746958443265448,17896.56,1
443535,3.326970220195924,1.7858636066810814,-3.424997661681292,-1.4229666634779925,3.653956365194997,0.542945988898742,-1.2361609336174595,-4.947034457627021,2595.53,1
335312,2.424873341577648,1.1898596450067396,-1.9870675209598927,-1.5303690315227512,-1.211801396034661,0.2677016211943273,2.191994489394673,2.1045060071338444,8944.86,1
432521,0.6712669139473406,1.2175774055146702,0.0689252653929414,0.2470441952113804,-0.5292701148933671,-0.8965688820447993,2.6132405388522546,0.5871102471575907,9383.77,1
298903,0.3857652259160944,0.2214860672718727,-0.3380642235074088,-0.7824341618131564,0.1152898183655038,1.301049493316519,-0.5298901417269203,-1.4408363705067573,15058.91,1
518952,-0.7402955614977708,-0.4226509873584072,0.9083549176306216,0.3924569232725035,-0.0556002403996889,0.1128153822209424,0.0865581720818246,-0.3444117530962679,6935.04,1
466988,-0.1945399984370662,-0.3693007138564869,0.8363537739249405,1.1017222900979164,0.5265794835928258,0.5719679629941664,1.2267139446074775,-0.2787419046678815,8858.8,1
406739,-0.618960890229921,-0.697951098499834,0.4373006725309506,0.417281118855832,1.6269606122640872,1.6126361648178331,-1.3687139940775497,0.14083283591377,11430.19,1
294118,0.0256893098299186,0.4013172399243319,-0.0001228185273075,-0.3596713760534996,0.138797119131893,-1.5149984101326823,1.10342894688979,0.1372175655773758,17111.56,1
437003,0.1407275357848949,0.7892647841369758,-0.3523539621934305,-0.8590536122184431,0.0316373389987649,-0.0478608347886821,0.8356524783817874,0.7789316249654901,18455.6,1
484157,-0.0370795385811555,-0.1406832774316692,-0.126462546863988,-0.7819023024010527,0.6034146326728348,0.0559267110763223,0.3801963283696527,-0.4816386013098602,11076.06,1
479579,1.3214456160246932,1.3524997803608974,-1.477192437018165,-1.947922653019427,1.0028008145511018,0.9335520697340368,-0.3926990960054367,-0.0530680815691691,5515.04,1
385750,0.2082642768828248,0.2125602516352086,0.2755820790357532,-0.5810928589079914,-0.8709499179352737,-0.0398828663336225,-0.4502043139822226,-0.7713808502450422,20873.62,1
374772,0.962825179124372,1.310592083586796,-1.500107806950956,-1.9409311786764956,0.2781606779096153,-1.2619106799480255,-2.4851973283452646,1.8236890045765708,20259.0,1
532223,1.1059843518737311,1.2557115071633016,-0.3175399072369377,-0.1957474568178992,-0.4385898513134301,-0.4872546434651816,1.6406585687339943,0.2112577494426369,17487.06,1
534100,0.3499666861329723,0.5678341440481982,-0.093119318157638,-0.5143358919467254,-0.5941842620157641,-0.9364494683608654,0.7730836437469241,0.3232694718414898,12206.77,1
304623,2.939056418785414,1.2473609489097135,-2.257842901078908,-1.3910895021699157,-1.6083223797956283,0.3391291243815569,3.094905229603541,1.7451584539576426,12590.9,1
513477,-0.0156662435925842,-0.1752346374314789,-0.1072126597999798,-0.8120106456552453,0.6183044892188756,-0.0618425871651843,0.3494768338395507,-0.5896473886320662,9015.03,1
351106,-0.5326655833412921,-0.1948259408851348,0.6139890531196678,0.8028292941669747,-0.2326978034898015,-0.4621904519456692,0.2238065605714328,-0.1897439160290787,19810.12,1
547275,3.131204220325962,1.2546655951051673,-2.333687313013619,-1.345317466210801,-1.695391837767274,0.3255650909599379,3.519404942012884,1.6225095170748949,15486.11,1
461715,1.2184339452537576,1.5256743261408994,-1.6362614088230794,-2.1270304825570068,1.1132541719161486,1.7719475780422869,0.7099322889102205,-0.711697679663478,9578.15,1
299000,-0.4457343582612251,0.3507361089411853,0.5331719254171569,-0.5899723293686608,0.1057679335026668,0.6380265764855437,0.1109051152043142,0.0032654190274557,16328.06,1
519892,0.9167171678425086,1.616430792312941,-0.96823109350644,-1.060292933622896,0.1036231195572347,-0.8914268664869672,-0.2681053742249683,-0.4583775810184211,22513.71,1
517845,0.9074010493661,1.358684390309612,-0.975708783008113,-2.158481723552381,0.6606432753596265,0.8060659535209911,0.1244269765956417,2.457805750240762,388.11,1
389286,0.1909326959512046,0.2067823844378812,-0.1091133327046317,-0.7635264459843988,0.0266586337356855,0.5735235083733904,-0.4838924698633659,-0.2772011184074873,5368.26,1
543701,-0.0314885824823378,0.0192164662578237,-0.2220791594771118,-0.5900550593130129,0.1778648107376805,-0.094343686530157,0.2658336672467976,0.1840852827239237,16906.6,1
379322,-0.4947134135751507,-0.039570158081627,-0.991554088079496,1.7667884656338588,-0.8807569616946054,-1.4303774167475505,-4.693495148426644,0.5017603347368707,5968.16,1
541605,-0.7568120653977809,0.6405083462592346,0.516710933102048,0.0629349543604433,-0.0985831506945681,-1.0264225444418886,-0.2680771778040612,0.0036545457312604,17398.16,1
296207,0.4176322081244922,0.6134191907380202,-0.5559227916648648,-0.9359907334431786,-0.4597095999524796,-0.5447820117755161,0.6877373325984962,0.6963419601996075,9094.91,1
557271,0.5401826808781967,0.3162837149659595,-0.4195418297684988,-0.5218387749842728,-0.5359640641765928,0.747353650743261,0.0097192361404624,0.4385667187293028,20944.93,1
433374,-0.6061275817953891,-0.2435508166361845,0.7725377833598759,0.1859408967102335,0.1621065897590723,0.5785234986994334,-0.0273616850751619,-0.3056300531875758,1244.68,1
461260,0.6117588273313879,0.8715593586426064,-0.7243972708901167,-1.3056090216853853,-0.2436154448105424,-0.0630371396930331,0.3065949907124718,0.5839160381348345,17813.09,1
297019,1.0577558988365656,1.8891567976017285,-1.417705226986824,-2.185836616855568,0.4934622341525693,0.87790811333141,-0.980120050052448,1.990190973873407,19758.4,1
314195,-0.2313241455409479,0.5579189010905683,0.5055516056742324,0.7023351234306396,0.4241408707774192,0.0587617672274295,-0.3144129565874616,-0.3221762948000549,21723.91,1
339442,1.2453152908209228,1.6225183019653349,-1.606199903789756,-2.1814312048876405,0.6980638907573674,1.0387627487804036,0.4035278031011238,1.1819574542958982,6874.14,1
361299,0.3158344144403051,1.0604276586963477,0.0487622327580306,-0.0104407321854805,-0.4189812323224729,0.1306981939487914,0.6821926406115122,0.4043337411386588,10476.7,1
547087,0.0732037831492313,1.3560427486614854,0.2413305453434621,0.7074946522268958,0.2829060798597905,-0.5865999509550162,1.2160529834022575,0.3438323913419849,14353.65,1
447779,0.7792408615998644,1.0359996444403357,-0.0401506751151617,-0.2512201088652634,-0.7596676705372536,-0.6258172740170052,0.2005628213343887,0.7575144474419873,22135.31,1
487577,0.8930494823086236,1.4247360183820283,-1.4842796461084284,-2.019380153896383,-0.3480174292978335,0.433608926066586,0.0161667019170769,-0.5138409129196594,21845.36,1
434504,0.3720923064439773,1.1249422632853283,0.0070138936564713,-0.1375203181886694,-0.4055794210949276,-0.1954553677458942,0.7748361941776769,0.5193374967823411,6836.68,1
354183,0.3016066707414647,0.5999274591239169,-0.815891163388461,-0.6511766371087253,1.89984077427172,-0.6196093759047365,0.3909919855690774,0.4180497675693591,20531.91,1
520106,-0.0005112538187444,0.3196514298456396,-0.3879317190174037,-1.403324060013294,0.1270724872746393,0.0087908948347587,0.2817494337588723,-1.0867218246794668,11708.92,1
288552,1.4573694560785495,1.6897229911757117,-1.8594345191750687,-2.1870494479588665,-0.4393502183691429,1.3223420854041508,-0.3771628339673094,-1.25986506194641,11615.25,1
448286,0.5380473428996725,0.4414409089834498,-0.2681386805270295,-0.7732895116910753,0.9099692848367806,0.3925335528480332,-0.7985574403642869,0.2894753637964569,6092.46,1
543668,0.8959701958013652,1.510078845540033,-0.3288652390371309,-0.1454930741077952,-0.5201350240224923,-1.533133683062831,-0.0959274910945458,0.5472071977875925,15739.37,1
333856,0.1863449737953761,0.2365994040025207,-0.1357718202275815,-0.5569932595702973,0.029882721730332,-0.3484822530575836,0.080729292025076,0.2814526899966152,4340.46,1
427156,0.3104930124178824,0.7637605555974479,-0.5959423920355601,-0.7278463724915052,0.0371996480337733,0.2831720601123175,-2.7062402788835924,0.7128102037494722,9093.14,1
541621,1.5055357582449989,1.2854418123522011,-2.0760050574602564,-2.0924662881328597,0.7959507020207399,1.4690371761732155,-0.1714864445956639,-1.4100471588874604,14912.33,1
520218,0.0202615200501198,0.2114014195453004,-0.0482925727054952,-0.260887447983582,0.3957275189210599,-0.4907896538477949,0.5143419052043215,0.3289244381763643,20802.34,1
486410,1.531235429995507,1.4181121288792498,-1.8814466995332728,-2.1300034113585142,-0.595443371759505,1.127599867912418,0.2949042243295723,-1.3581408225844651,20845.99,1
480686,0.053459930189348,-0.2010453246804514,-0.2556535369970758,-0.9782179825199876,0.0030797735873258,0.2579506818890593,0.0971457586765106,-1.1020748684679,2362.78,1
519336,-0.7472388176776666,0.3374500302077189,0.967267164836865,0.7495508010837528,0.4432787814974483,0.8659830865542938,-0.9597252965510922,-0.1818666470835285,8165.43,1
370551,0.1980095726787019,-0.0246007347940924,-0.2130116021998817,-0.9744889875084812,-0.299213324842307,-0.8287274845520625,0.0013169588387415,-0.1711141823474774,3663.56,1
372192,2.8938166696384555,1.2452348000904254,-2.239622554256768,-1.4019311933599252,-1.5865510394146605,0.3415597683494393,2.996304214310535,1.774871493441444,4380.15,1
400526,0.2941221253017991,1.1048149596599408,-1.2354671749020425,-1.4347039444846137,0.4175697798892076,-0.8096110296802557,-0.3260162119293697,0.8511783078382761,907.06,1
299036,3.9618319708465113,2.0914611413006843,-3.945430362735628,-1.545482260398641,8.300549556063286,0.3798660546743915,-1.6025805404122786,-3.889647942767069,21737.65,1
453780,2.191912562857929,1.7191416323141675,-2.6024743136931776,-1.855736263674601,1.6005399122423167,0.7919092906041987,-2.0653892710348134,-2.466564799675813,681.41,1
517107,1.4322774354318966,1.6438888113874603,-1.7132792322370711,-1.7394968387419252,0.626552420027801,0.976281274343064,0.5570594016330379,-1.550360892685679,18790.15,1
553483,-0.0394508579910707,-0.4546695756180277,-0.1197316687507375,-0.3951925370456776,-0.5465080184328807,0.3029683971242418,-0.391073099680723,0.2415715856509313,11209.84,1
341245,-0.9357617122676956,0.0434975332515708,0.1413941740896798,0.7553597892439052,1.369836916674388,-1.837968416799499,-0.3991624910614267,-0.4982435475553176,10764.78,1
474876,0.0866677280691355,0.6461029169711789,-0.2866409865879882,-0.7295145043754225,0.403853301786802,-0.8933204330144743,-0.7180732656201428,0.406136200996433,2600.78,1
412733,0.8958924408644051,1.6776474539137427,-1.5898986621412616,-2.1247706446662877,0.5755804947234948,1.0393889285110902,-0.8214772458311761,1.313581691937748,15464.77,1
456898,1.5046244768424792,0.7596934959264705,-1.1722026452390506,-0.805582211615575,-0.8403054830715297,-0.0242615685904217,0.8869765039381291,1.2879660281715206,17548.96,1
405117,-1.5107274800290773,1.143862429903587,-0.2670426790677918,-0.9749475916736507,0.2938123217284282,-0.0791831623317789,-1.9550358729695725,2.32024859814469,12952.94,1
442515,0.2326932584097562,0.5574733087885219,-0.3486339681548762,-0.3505380305240389,0.4680809244142809,0.7510212772041445,-0.3341213401996872,0.4264735487990361,18576.34,1
481772,-0.3712370684879939,1.3661133021089418,-0.1628429076968713,0.6781522219084724,-0.0610841395262536,-0.6614257729320309,1.4275832091715197,0.3726116853914857,8785.14,1
424382,-0.6201884343164691,0.8881768414634101,1.032536888432093,0.4436515729866552,-0.0739874156387912,1.636185441452601,-1.3639817921369106,-0.1340673905122984,6065.08,1
499696,0.3432263958751932,-0.0938613814137779,-0.3097047584844108,-1.0642328155037366,-0.8121743484936914,0.2784066901095063,-0.2331732002880652,-0.5762345028380196,13888.24,1
329553,0.4285313987292408,0.2774884676516003,-0.5633768827478925,-0.678882181170633,-0.4245852549350065,0.0389349944312634,0.6346283552404121,0.556923327999594,9187.08,1
354563,-0.0064545973549461,-0.0961414586306617,-0.0462132951335689,-0.7389736428261605,0.6128052596220552,-0.1477229404990628,0.066164617650933,-0.7925467388887412,10985.81,1
464450,0.8618507677403725,1.4275114908923194,-0.1962615149300778,-0.068609183217305,-0.3589000084010891,-1.8188894526307853,-0.1612079781508493,0.69614289816095,472.28,1
395327,0.4848840264646901,0.581314955019984,0.3955835702838619,0.0464669263060323,-0.3893875077582082,-1.184789179023224,0.6635145568338019,0.285304905504761,19797.19,1
285401,-0.8328895335315513,0.1221770601441744,1.613871455345586,1.1863993725707165,0.5092299337590599,0.2610243524016044,-0.2412698810016764,-0.3577050938907156,23850.19,1
461298,-0.0587752206051867,0.2333607565839415,-0.2723706219069312,-0.6049661141028484,0.2561070079526491,-0.4299239362179555,0.0494754458297563,0.6508360098001538,2325.61,1
394062,1.468641330659664,2.296734143567315,-2.081475573228607,-1.4230237205830607,0.6363542372194354,-1.5268133276633555,-0.1072906549253098,3.589195450527089,3816.76,1
534018,0.757259068487799,1.2116368073443238,-1.0038693155853309,-1.7903500188150698,-0.7477431879889986,0.7545758787749691,0.4414567848639327,0.5869919655477978,12727.12,1
526815,0.143901036020595,0.6004257591710725,-0.1319194116050549,-0.2023440902508339,-0.1332972676407515,0.2798486611311738,0.0382790489189339,0.0129705947681695,20584.24,1
532698,0.3584709905254516,0.4531896791797445,-0.6244720822059393,-1.251870543521021,-0.1481499579356797,-0.3559883264287655,0.0223949258064501,0.2576543860646691,18453.27,1
468788,0.2884271888675019,0.5524704496393854,-0.1698628712655769,-0.2671327057156625,-0.5790153192714942,-1.3680135703779448,0.8816699142806356,0.4218225329439616,481.75,1
456379,0.1825654546111522,1.2703969222614238,0.3713185227232841,0.6780091426028031,0.1635615310634189,-0.4918594153190384,1.9079712486637,0.3295105894044023,17074.73,1
455713,1.4755857861437276,0.7560321166694016,-1.1534307659425012,-0.8150791458006805,-0.8177574971001769,-0.0278516260045989,0.8433232765396023,1.3071208749936574,20658.59,1
297534,0.1981653469540814,0.3903328106892613,-0.0917870172996586,3.748077292713531,-0.4322579149317326,-1.4892200337631594,-3.321469657330622,0.1774091261001558,13858.66,1
489347,1.190335344902815,1.448532016524773,-1.352850509101113,-2.187168457102925,0.7576758563695981,1.127622583205974,-0.0672948647730199,1.2196440353520928,9052.32,1
555685,-0.2400341988127247,-0.2962896433943205,0.0483448495282057,-0.4003196358650171,0.0547839662873627,-0.9938518379268144,0.0806361357603542,-1.3512477396668174,5876.84,1
449907,-0.0506219104182818,0.0100876820830356,0.6228796616352431,2.501228268909176,-0.7126614919545223,-0.795340341319223,0.5001851743970984,-0.168240751029394,9408.35,1
286676,0.6575496863596878,1.0442668407209696,-0.874938632170644,-1.5276061426369674,-0.4087699734470763,0.6649017130959266,-0.197000677665843,-0.0974602718173402,862.61,1
484088,0.3668211740548824,1.0994781842896948,0.0427845883601203,-0.0899993644008697,-0.409684255304256,-0.1499327875699273,0.8222480337007496,0.4779655223224971,20863.59,1
491225,0.03057160542128,0.2621359457976805,0.1855361122782412,-0.3441793598812895,0.1956486267531969,0.2369764261258411,0.2218962699815076,-1.3318155567398104,15437.36,1
288575,-0.0776932830909655,-0.2746844272725078,0.7155274479512406,0.8901621602437695,0.3017572437218296,0.1066020847950871,0.1225511749214095,-0.388060084277758,10799.24,1
371875,1.0281109026296782,1.0734219771540323,-0.882134617169912,-1.4208243340987878,0.6802337001370901,-0.1983055733641793,-1.3035827042654653,-0.2383111508452055,10148.42,1
492968,-0.6276283926605855,-0.2970440360260206,0.7321285130272989,1.2045113837236876,-0.2213701963915613,-0.4859175640850574,0.3026415892097299,-0.2563100970527741,9683.16,1
482819,0.011441196902503,0.2734955282343201,-0.2045201785644421,-0.2061600909141316,0.498924594589385,0.0302594931732044,0.7392993643914023,0.1934297223435597,10962.42,1
564322,0.1239494429485417,1.0408760874530538,0.8681933242225417,-0.2175163152608973,0.3820633847021801,-0.4380340995727512,-2.276992715248249,0.8790637230232768,12469.95,1
403685,-0.043397222497735,0.161055306848528,0.5769751080064354,2.6916647456327607,-0.6272048092799662,0.0668407946763448,1.0096016266221703,-0.1142748007767839,13750.62,1
477340,0.500347776533743,1.0281599284705,-0.3496777099421565,-0.655235578430486,-0.3290190069828056,-0.8120461372376574,0.8298609869452259,0.5501904082752631,7997.88,1
459047,0.7156164564125604,1.4791193801588327,0.0472389737881811,1.1298223141594823,0.0274187732454094,-0.6379549645015956,-1.5286682116708272,0.5608129436677717,13764.26,1
568073,-0.2914434767747944,0.23883980473132,0.4083081454994189,0.3985170678173958,-0.2823271820530654,-0.0090215572747982,0.5197885464204846,-0.2223603838812004,4232.79,1
411636,-0.2690902455991383,0.0738549359825515,1.9262556839322291,-0.3627885337704521,-0.56885328279273,0.3071481722790079,-0.197685568210794,-0.1077822201743535,14729.88,1
300079,-0.2442936827650058,-0.2899702366760621,0.056085278788371,-0.3813280914768762,0.0301850724145614,-1.007495158166415,0.0943953297474599,-1.327637553858204,22239.17,1
295168,0.7136814249078883,0.6783861900537488,-0.2835330534372599,-1.0216459875365669,1.058959419438428,-0.324177311079332,-0.7784662759465947,0.4716340929011118,20734.78,1
406485,0.2402737235236816,0.9415765020244584,-0.5299093224053145,-1.1767717550602903,-0.037612971435751,-0.3944840629343122,0.1727400223027076,-1.4704068306866884,18933.73,1
383063,0.5507438032703765,0.6188563413185986,-0.7498435959332662,-1.0252837877585257,-0.0651089989663136,-0.1596456381148055,-0.7285191712499335,-0.234139126238065,20479.24,1
328665,0.1790085254852723,-0.6643788214296384,-0.2149103859095603,-0.3646593125714719,0.2875226734319918,-0.3335772301150204,0.2917969304008896,-0.4695878429608685,12580.92,1
491569,0.0666660358745173,1.2919929686792375,0.2306197931649042,0.6779469659305469,0.1122756688834052,-0.5301030706657196,1.801193110318777,0.3386525872667997,10222.61,1
418273,0.7235276582351681,0.8104257202302114,-0.7646284881720121,-1.295894180598292,-0.2042822175788898,0.0955216179053104,0.1210119661094587,-0.0153686220582836,21295.22,1
374780,0.1151777456256167,0.1129069381896712,-0.04916961968142,-0.5905568480064894,-0.2130976721494457,-0.4327024597928674,0.7040507888643937,0.4784363709297802,19629.87,1
304672,0.0687263225546749,0.5676810621287163,-0.2743045841278113,-0.7090700830444252,0.405612052132539,-0.6582145132636161,-0.519538767816446,0.418142336636392,18503.35,1
543973,-0.0634361196725944,0.1401037203871278,0.5522108529390943,2.6427576043759147,-0.7350418864723144,-0.5622927600508536,1.0353439888441685,-0.1212792266108725,13459.51,1
463816,0.3422893265143139,1.0161547328534364,0.1558743276420575,0.0757513319531429,-0.4537528074298629,-0.2152066796487363,0.915316668372032,0.3474658850923039,10633.27,1
287962,0.5550591447578758,1.0597699926903237,-0.5178838079596648,-0.6445041512616123,1.0747227415231202,-0.3800290800714317,-1.3900038971124262,0.3734014295639981,18010.39,1
372673,0.0319163898837406,0.482597359953771,0.0136384967902244,-0.2761891200708617,0.0593875847899141,-1.7117726638697963,1.2195866492047092,0.2799422945297847,3530.41,1
307312,0.2557870410281214,0.484148444103247,0.0399535086330701,3.763188401748665,-0.4870857043133927,-1.5728297874643,-3.07654221130647,0.1343783049588226,11670.69,1
369327,1.6517239882940682,1.8892801724405024,-1.332578509313773,-1.605501877778313,-0.0579756014082955,-1.9290700024086571,0.668460908241406,2.083583525658968,16676.52,1
320764,1.555586402885755,0.7660510859175765,-1.2047876574160918,-0.7888279578956781,-0.8796827502671432,-0.0177765759156358,0.9634788721947286,1.2552686456304036,14877.35,1
500413,2.1851697077939467,1.1743176960588817,-1.8639114176606064,-1.5853928623660418,-1.0595287629234438,0.249848800285369,1.8110819148560395,2.2437351076840946,14852.69,1
319395,-0.4597889007823402,-0.3020529487270597,0.3766543125395936,0.7221905586583736,0.239446767321588,-0.6047299928394169,-0.2964316953978104,-0.2211465392246689,8023.66,1
384256,0.1010866419015685,-0.1917326992556781,-0.1811627594427251,-0.2839265968343348,0.8092279442482051,-0.5667875875413693,-0.1693473531730548,0.3398146091542724,5123.16,1
386229,3.3354930568714485,1.2839403006626804,-2.463316854553123,-1.280668136873459,-1.897408909787784,0.3911793647741631,3.7775951342473855,1.4977470630087226,10014.41,1
566396,1.18172232878602,1.282945815629809,-1.367676008768061,-1.861237328697064,1.0202824086247146,0.8231673419486385,-0.1846326882592551,0.046740101027786,11766.42,1
437707,-0.1403327674815101,0.425094514901935,0.4569048612241982,1.4257047443991642,-0.6791458285550803,-0.0347051542799826,0.5739695197436271,-0.2223218829776874,22884.99,1
470420,1.3211788881408155,0.7419871319938459,-1.0414251878529992,-0.8609934665708854,-0.7011858612552777,-0.0545702626191379,0.6799332858425197,1.3658833173035765,5313.64,1
382308,-3.592927577608101,0.5552461881367311,-0.7445626166498931,-0.0501476336856728,-0.8797834084013474,-0.9794269213727744,0.0802299651990082,0.6373322089901441,11772.2,1
440636,-1.0214943462031891,0.4967397327113482,0.0342126188021806,-0.3670653716675078,-0.0139939070817908,-0.5466420047909775,0.6213110608515728,0.0629412306634208,13718.64,1
496199,0.0601556795926944,0.2645481532333441,0.0877395334361159,-0.1887337136235709,0.45036870320365,-0.4435735068544975,0.0849762020945426,0.4616153422138791,4886.78,1
287031,-0.3776553967884422,0.1710534281272817,-0.3125778631660985,-0.5707993722754225,0.0347814710006242,0.0671185931178113,-0.123893550482816,0.5607307515738593,4910.93,1
368373,0.1819022057452911,-0.0087445679866444,-0.2521033278845341,-0.8510433941674521,0.924298045301013,-0.6519035132249839,0.3635816933955381,0.5816299545019512,15251.3,1
545043,-1.3701400995539772,1.074671513638069,-0.2315054675093927,-0.9512829709652648,0.3123451208892502,-0.154331488106271,-2.009302402898232,2.2436011527270225,16060.54,1
480470,1.5637957819308197,0.7670807614057158,-1.2100297744758963,-0.7861049204666223,-0.8860407032610346,-0.0167340229402513,0.9758921777715688,1.2499604636653276,6392.08,1
292381,0.4883151885182353,1.0844376690225646,-0.0815514723003241,-0.4803011343209394,-0.476567730143583,-0.4669091605889438,-0.2490037241883433,-0.7303450065614274,23891.73,1
551378,-0.3359806624532525,0.0566941023339305,0.6739943379282262,0.1034889148124785,0.4513652374290938,-1.0777833817325466,-0.2361105798305959,-0.1662591068117477,16269.17,1
443332,-1.8523698972194496,0.4732480536307624,0.3301465663321393,-0.2891703826271729,-0.7648608088873974,-0.5687161845553335,-0.0257832624381339,0.0365895240715416,5743.14,1
304154,0.3442756776766431,0.6257086186936118,-0.4761280926213715,-1.2353396914093633,0.5481512835464528,0.5868686888512081,-0.9524552100824364,0.5339992961892903,4597.16,1
474007,0.484085987646122,1.4153763865783058,-0.223320242060381,-0.7306556770251811,0.5030840355715018,-1.041484157806284,0.1134889671719643,-2.434202804618767,9245.9,1
374930,-0.1253068091316458,-0.0261592729478161,0.3274362385427459,0.2793052871923325,0.7585771834324643,-0.4313527203873021,-1.0412299179511062,0.1829326713867412,10573.69,1
309183,0.3319377720187657,0.7632751117782745,1.2682948808005814,4.506009255975877,-0.3216417616851031,-0.382539743956628,1.3990935758162486,-0.3233926920669955,22343.13,1
353790,0.4353366886491484,1.064535689692664,0.2782585422986849,0.5019168878365871,-0.527921282229463,-1.6091286147649335,0.3930687714982759,0.04253942411051,13163.2,1
372650,0.6190030667227489,1.0336426862969643,-1.0197214862657389,-1.5133849089347304,0.9274510261783216,0.0081950452013921,-1.3525699059663958,0.1767537583694507,13150.0,1
367878,-0.1028387308639753,0.1431900421446509,0.3922543931711086,-0.6010312369852004,0.4313346174741138,-0.4346010266700866,-1.6741795147406566,0.7738932215985881,18088.11,1
532234,1.341738756422926,1.5972570011979046,-1.6921840337751528,-1.994507425033116,-0.196680913383318,1.126104014471588,0.5293143680111558,-1.293767193823292,13660.17,1
467929,-0.1798227522443745,-0.539288413409453,-0.1863440315248868,-0.5525976925035011,0.312764370807954,-0.1098613608224604,-0.9451510849804248,0.2528995237200597,1063.32,1
304189,1.262580628119012,1.0996090636328724,-1.9901836283981909,-2.129758995168158,0.9194139039504192,1.60234190432548,-0.005273640472918,-1.6401255343360863,2773.83,1
520257,-0.0435382202105113,0.2643117189040862,-0.4114575478860131,-0.7980329568387217,0.7666919850634977,-2.478647934750948,0.2329956172016305,0.8338738936229787,169.34,1
551501,0.3631217370038332,0.8143107045838018,1.2703495007567431,4.593183754733562,-0.4117067512886819,-1.2286801080792298,1.8740705864363765,-0.3286187646236281,14045.33,1
445591,0.8485979931127275,1.0310802808431565,-0.1626613515251359,-0.1489452122943844,-0.395388165075936,-0.6033638194744527,0.4450317333379442,0.8351721965685546,11374.2,1
472459,-1.070363957094551,-0.0309468952255346,1.0709417078651404,-0.2576160302913158,0.6514764432498232,0.1116994454754653,-0.3382018637056202,0.7127971696284694,17538.63,1
319508,0.3294405795160656,0.8153786098371791,-0.5975596206315396,-0.6721019516610705,0.0203112531180483,0.2030365153933866,-2.9456583577699336,0.5652916946382949,22228.99,1
346049,0.3121506701129596,0.6839069207651399,-0.525795321760812,-0.9047613995553934,0.5961174151603955,0.8887928131700477,-1.3359774702748768,-1.3994440430691382,12188.91,1
529653,-0.0541834238732204,0.3264317672029062,-0.6226962317711559,-0.9618875006637388,1.4252784295073948,-0.3366597144757789,1.174029791720082,0.4154144003383073,8903.43,1
498825,3.216099766013604,1.2670264238629934,-2.388840172640849,-1.3185755699727246,-1.7811226624345549,0.3541309487170189,3.6207920627604233,1.571425821523625,20366.7,1
396936,0.4993770368091328,0.7496924971823141,-0.7761330903149128,-1.2588675385095114,0.0253882991605294,0.4702275422242801,-0.2892999447188157,-0.384411122444205,420.05,1
364668,1.2965119792433304,1.7406614519811734,-1.824328655024792,-2.1488329709613314,-0.01939144538986,1.2614433111616337,0.0268361781269638,-0.9760396271265472,11287.79,1
491969,0.2305967992483601,0.5860500179733034,-0.4593531148008296,-0.4915811474049761,-0.0948744021643177,-0.2705901331937377,-0.7458016029737851,0.3905137332887672,21515.82,1
343712,0.4742221980482835,0.8971092119937321,-0.4001367832276109,-0.6446023604956219,-0.3116792338544323,-0.75323429038399,0.8424467236841993,0.4306611680248584,3960.96,1
484712,0.0076787696270867,0.5107407242238449,-0.0627937852650343,-0.2421949573717115,0.9104280449051216,0.7687588650071289,-0.6548265653697136,0.1363109665595258,1112.57,1
508209,0.5827813883467573,1.0980942880667663,0.1733656549442821,0.6299944360332335,-0.4101448170877582,-1.0249450364381412,0.2025467720884169,0.4080288342955714,18430.49,1
555042,4.291912025462789,2.3279595489179408,-4.2907194221592135,-1.4766466523178918,9.255012086957754,0.0904165132821974,-2.233692653035983,-4.126066299622867,16825.5,1
304039,1.3213217705383256,1.3322637633533243,-1.467647740885471,-1.9463734111026088,0.9356837984247266,0.8165462701229964,-0.463727105878826,-0.0549924171307356,21284.89,1
459922,0.4789391188406554,1.3590150724676615,-0.1845993803000269,-0.7480505746252272,0.4460818742808327,-1.0425014972113416,0.4803969383087699,-2.4338391061217357,370.29,1
556692,0.423957616140304,0.8646550031474393,1.0414920902030933,4.193295846944084,-0.5458797712235547,-1.3906247324683474,0.334553186969273,-0.1498889261008928,7000.51,1
421467,2.599199263414968,0.5035268915774673,-2.3230949360903512,-0.7223827986406642,-6.450353017960277,-1.0750482999624311,0.3498809024854172,1.534445136055664,4938.56,1
332397,0.3994089845596077,0.8650646934029207,1.1745810583252438,4.485408797499977,-0.4545216315689263,-1.636815463725412,2.311194765490202,-0.2376010434322161,9222.7,1
432164,1.3707878830788247,2.302498020853222,-2.041786869900302,-1.4381210821693702,0.6804592991102854,-1.526919020452664,-0.2366000012714633,3.59471199362393,6565.48,1
481570,-0.0906390962884351,0.1869686410703339,-0.3838452852869007,-0.6772054555712888,0.8310092529846403,-2.886819728219253,0.4355679179618044,0.868300964097927,22130.54,1
353479,0.2294271567298466,0.0408359337749378,-0.0840736558883045,-0.5265722364181427,0.0841681840891249,0.6918295535064332,-0.3457312168609744,0.0547687153915137,4005.23,1
564112,0.1568059334194217,0.383333794467933,0.0811463424502353,-0.1980131409019473,-0.2924523116449162,-0.6411689405264297,0.1535671499852582,-0.1174643908444976,19884.41,1
459407,-2.0661053299112853,-0.5059888219137454,1.0806566604139256,0.3980089833994445,-0.1961937105656236,0.2477455156637931,-0.1829609083151076,-0.4257049865597587,1896.25,1
470767,-0.1002754721411344,0.0777442859330588,0.5729204785396302,2.4588198834417474,-0.6222731823901732,-0.4167317590081022,1.0475397184668038,-0.1472548269696809,11751.85,1
410506,0.0838739043278287,-0.7627395571797567,-0.3018585152552554,-0.6438524137103394,0.2796982664434781,-0.8983004743495424,0.0350535220718474,0.2009240619148267,17834.36,1
547200,0.5417964713290061,0.6477073897386575,-0.247280367410017,-0.378206137856987,1.0809081733811725,-0.4605276259252212,-1.2396514295220245,0.1457715052889391,17409.2,1
314197,0.7376845224647923,1.1835004065991872,-0.8896419548064134,-1.2793277533160996,0.8444564622436244,0.5086306612309358,-0.053964651526536,-1.5534856426059251,20803.67,1
355865,0.556147706813586,0.3942953962452092,-0.5299389339988665,-0.7231914659620426,-0.4364297755958589,0.1776781426656014,-0.2892160402011929,0.470216260675485,7488.71,1
563079,3.2699597464188828,2.042360231555053,-3.483967504436334,-1.8440031280740228,5.692792574515578,0.9209306399510664,-2.3669954015270744,-3.5483523675477584,6269.61,1
373222,-0.0235577874778054,0.0282603671808872,0.1223594392681143,0.9309124672037772,-0.5647737880101147,-0.6825514561921309,-0.105364437261047,0.2727979625918748,11792.41,1
482784,3.326970220195924,1.7858636066810814,-3.424997661681292,-1.4229666634779925,3.653956365194997,0.542945988898742,-1.2361609336174595,-4.947034457627021,7485.83,1
363680,0.699522730103748,0.692876564670062,-1.2747113855559185,-2.2228200911671743,-0.1829710947596228,0.6336578245163775,2.2543176746443256,3.43811033509355,3680.14,1
305391,-0.1525128676828273,0.1797271244189236,-0.4304972817505202,-0.8405036081999118,0.3552912104588023,-0.5848924420442276,0.9638122082624704,0.5155781459047597,3934.88,1
307774,-0.0152381415340243,-0.2767546546434626,0.2403466233527044,1.2091419772065828,-0.7932392193444483,-0.2763144141749331,-0.3975599139509883,0.3369672571619284,12225.08,1
558172,1.3697318394881222,0.7372962142476893,-1.0518989154116176,-0.8533603486316962,-0.6939104861087699,-0.0703874506630152,0.7901074329110198,1.361498000589803,21625.78,1
428628,0.1634314663054719,0.2585305142332036,-0.0952252920865486,-0.5026229707562937,-0.1944397416797087,0.7531326998163356,-0.0423020532250612,0.404450829266743,8852.15,1
500290,0.4707781211813679,0.986704445974296,-0.3591247614249053,-0.6373238239489709,-0.430507351094257,-0.8580586638526457,0.7464192283964647,0.4851839440897503,6525.25,1
292645,1.3983556076734711,1.7827625469305135,-1.830736304962584,-2.2074384608913973,-0.3520762090339501,1.3733107135346707,-0.6612287557259912,-1.071618477632844,9580.28,1
507259,0.1453451666511053,-0.1426599126524493,-0.0080567931651042,-0.6427337358293137,-0.0721200501310808,-0.0555063853759444,0.2381615281745107,0.4204349658744849,6446.86,1
501246,-0.7109282630025582,1.0317864817312672,0.5893922648286011,-0.2813948701523034,-0.0538228643188479,1.3563050346679535,-0.6907941810443801,0.6315078060158444,773.92,1
462340,-0.4964133328158506,-0.7045780974231723,0.1588500568343526,0.0804610035543301,-0.0883137968765958,-0.7787938376271244,0.4470847973274394,-0.7879885676113486,20569.85,1
452149,0.0522916646876636,-0.1261274022584317,0.0309009690280892,-0.2421481985944533,0.3710469510440434,0.0589331637574654,0.6817081469361924,0.0348992683615432,23097.35,1
535565,0.4256649511015136,0.3534651546393866,-0.3464241737981146,-0.904666258010191,-0.2047714642237675,1.014046847747304,-0.3866290279830707,-1.5655692802118415,17856.8,1
428106,-0.5119884391773724,-0.4226379830515933,0.5052441525011746,0.6566924794609559,-0.1366543385208467,-0.1734604891287126,0.2152335071887396,-1.0137085317970256,11742.43,1
507422,-0.3378199220012897,0.1008985032169096,0.6528409681035823,0.73378336789441,-0.5491200991722406,-0.7340360291633572,0.1351817635947481,-1.0347653822073897,17293.66,1
363975,0.4444795017059227,0.7019434637974353,-0.0286197922688132,-0.0239351727576388,-0.4234060207528294,-1.247092289240144,0.0236000717813833,-0.0189473448358516,6510.09,1
384850,-0.2172540456832617,0.5710765745770561,0.5072411406168497,0.7093206594310051,0.3855334788702324,-0.0579015258789495,-0.1848658803182513,-0.3101017922848214,1134.18,1
533852,0.4555847046494339,0.5560479859060873,0.4050411597315778,0.0532266064209196,-0.4134820779460339,-1.166783717054165,0.7022547889292606,0.2738776074325216,7081.84,1
294985,3.196698746563815,1.5166543086864337,-3.253542791085988,-1.6482309320398314,4.232806635276335,0.7310766946628998,0.0742271197919608,-3.942831180682525,8664.11,1
324129,-0.0480053530973871,-0.2898657000310902,0.220940150979698,1.244607960747066,-0.859623568396751,-0.0404051381900855,-0.3287712362322678,0.3580174015930646,3882.83,1
510678,0.6531215026383265,0.9689998058791416,-0.7965486574594779,-1.3707990513252626,-0.4448818811284811,-0.5767119207278281,0.570194866745387,2.169480119230518,9071.14,1
543715,0.0372423486862123,-0.345449143609365,-0.050964258673417,-0.3191237514553817,-0.2212298918781108,0.7383445349967885,0.7223609267852391,-0.103558679933438,8237.02,1
527076,-0.3081984980390319,1.2477885707283936,-0.1076529252043254,1.077150845043543,-0.4818200984914181,-0.249508676162854,-0.2726100229965443,0.3164920739578698,19536.83,1
458331,2.599199263414968,0.5035268915774673,-2.3230949360903512,-0.7223827986406642,-6.450353017960277,-1.0750482999624311,0.3498809024854172,1.534445136055664,23362.79,1
424056,1.706807754488245,2.351269807245242,-2.0785513904837174,-1.3829554776575548,0.9924726781791928,-1.6953793595894393,-0.3308460453249683,3.054033703344909,4663.73,1
378865,1.708327520176484,1.601323571137361,-2.2344142580602098,-2.108372718619317,0.9197721402525072,1.6510827450045886,-0.3288075308090208,-2.361030067218476,571.04,1
299592,0.4080140730045527,0.4057062944771695,-0.3198737191786787,-0.5721367366577925,0.5745742763129176,0.4651752661229175,-0.4079154292774394,0.4100496701729161,16937.54,1
380571,0.4939832708232,0.235847886450626,-0.4025233468014417,-0.5412500182232677,-0.5249550227088825,-0.6676228967677971,0.1147612663956876,0.1036595412148513,4794.81,1
512777,0.8946139116035496,1.5199784599276065,-0.3343922643189344,0.0295774756269896,-0.5288367089415149,-1.2604277578701968,-0.034085045053267,0.2532091697947772,12170.19,1
302374,-0.0342904060385957,0.2778229850128179,-0.416206035549525,-0.8187301333026086,0.7556465653179484,-2.4003668614933718,0.1977207505761654,0.824941371965863,6721.04,1
449596,1.0952098486358823,1.136720287723485,-0.9424297110873638,-1.3877689025130098,-0.8714906705024374,-0.2961612530681331,-0.2501383384028619,0.1224751925920754,19683.55,1
376910,0.8971441499348602,1.503021840400177,-0.3046717933513778,-0.1576219219605245,-0.4522178871922325,-1.4901929877710998,-0.339106858488582,0.6776233831219128,7974.0,1
471676,0.3650502502722895,1.090894165164397,0.0550051052987713,-0.0736594757636693,-0.4110618616002339,-0.1345701951569835,0.838190122078248,0.4641503202631833,6218.55,1
428245,2.626283688362038,2.258273270316043,-2.8075525441463367,-1.755587180670842,2.9826897128590906,0.8058737084571244,-0.5018781239636861,-2.8369050350742624,7707.9,1
